[2026-08-07T06:39:43.579Z] CRON: Cron Jobs Initialized
[2026-08-07T06:40:22.098Z] CRON: Cron Jobs Initialized
[2026-08-07T06:47:39.836Z] CRON: Cron Jobs Initialized
[2026-08-07T06:53:00.938Z] CRON: Cron Jobs Initialized
[2026-08-08T18:23:31.550Z] CRON: Cron Jobs Initialized
[2026-08-08T18:25:56.322Z] Login attempt started
[2026-08-08T18:25:56.324Z] Login request for: Gopal123
[2026-08-08T18:25:57.589Z] User found: Gopal Audichiy (Role: Driver)
[2026-08-08T18:25:57.827Z] Match debug: receivedPwdLen=10, dbHashStart=$2a$10$M5k, isMatch=true
[2026-08-08T18:25:57.829Z] Password matched
[2026-08-08T18:25:57.830Z] DEBUG: Company status in DB is: "active" (Normalized: "active")
[2026-08-08T18:25:59.293Z] DRIVER_CTRL: getDriverDashboard - User: 6993463109a83283ae7365ae, Company: 698ac8b01587e01651a49443
[2026-08-08T18:26:00.999Z] DRIVER_CTRL: getDriverDashboard - User: 6993463109a83283ae7365ae, Comp: 698ac8b01587e01651a49443, Found: 12 vehicles
[2026-08-08T18:26:02.214Z] DRIVER_CTRL: getDriverDashboard - Final Status: completed, Current Car: RJ-27-TA-9821
[2026-08-08T18:39:57.589Z] Login attempt started
[2026-08-08T18:39:57.592Z] Login request for: kailash123
[2026-08-08T18:39:58.745Z] User found: Kailash Bhatt (Role: Driver)
[2026-08-08T18:39:58.911Z] Match debug: receivedPwdLen=10, dbHashStart=$2a$10$.7n, isMatch=true
[2026-08-08T18:39:58.913Z] Password matched
[2026-08-08T18:39:58.914Z] DEBUG: Company status in DB is: "active" (Normalized: "active")
[2026-08-08T18:40:02.416Z] DRIVER_CTRL: getDriverDashboard - User: 699296b6a94eda1844b175db, Company: 698ac8b01587e01651a49443
[2026-08-08T18:40:03.045Z] DRIVER_CTRL: getDriverDashboard - User: 699296b6a94eda1844b175db, Comp: 698ac8b01587e01651a49443, Found: 12 vehicles
[2026-08-08T18:40:04.576Z] DRIVER_CTRL: getDriverDashboard - Final Status: approved, Current Car: RJ-27-TA-9836
[2026-08-08T19:39:01.308Z] CRON: Cron Jobs Initialized
[2026-08-08T19:39:30.932Z] Login attempt started
[2026-08-08T19:39:30.935Z] Login request for: Kavishuser1
[2026-08-08T19:39:32.461Z] User found: Yatree (Role: Admin)
[2026-08-08T19:39:32.695Z] Match debug: receivedPwdLen=11, dbHashStart=$2a$10$SZI, isMatch=true
[2026-08-08T19:39:32.699Z] Password matched
[2026-08-08T19:39:32.701Z] DEBUG: Company status in DB is: "active" (Normalized: "active")
[2026-08-08T19:54:07.329Z] CRON: Cron Jobs Initialized
[2026-08-08T20:13:16.880Z] CRON: Cron Jobs Initialized
[2026-08-08T20:27:21.429Z] Login attempt started
[2026-08-08T20:27:21.435Z] Login request for: Gopal123
[2026-08-08T20:27:21.700Z] User found: Gopal Audichiy (Role: Driver)
[2026-08-08T20:27:21.891Z] Match debug: receivedPwdLen=10, dbHashStart=$2a$10$M5k, isMatch=true
[2026-08-08T20:27:21.891Z] Password matched
[2026-08-08T20:27:21.892Z] DEBUG: Company status in DB is: "active" (Normalized: "active")
[2026-08-08T20:27:23.169Z] DRIVER_CTRL: getDriverDashboard - User: 6993463109a83283ae7365ae, Company: 698ac8b01587e01651a49443
[2026-08-08T20:27:23.313Z] DRIVER_CTRL: getDriverDashboard - User: 6993463109a83283ae7365ae, Comp: 698ac8b01587e01651a49443, Found: 12 vehicles
[2026-08-08T20:27:23.511Z] DRIVER_CTRL: getDriverDashboard - Final Status: approved, Current Car: RJ-27-TA-9821
[2026-08-08T20:30:19.169Z] Login attempt started
[2026-08-08T20:30:19.171Z] Login request for: Gopal123
[2026-08-08T20:30:19.872Z] User found: Gopal Audichiy (Role: Driver)
[2026-08-08T20:30:19.987Z] Match debug: receivedPwdLen=10, dbHashStart=$2a$10$M5k, isMatch=true
[2026-08-08T20:30:19.988Z] Password matched
[2026-08-08T20:30:19.990Z] DEBUG: Company status in DB is: "active" (Normalized: "active")
[2026-08-08T20:30:24.241Z] DRIVER_CTRL: getDriverDashboard - User: 6993463109a83283ae7365ae, Company: 698ac8b01587e01651a49443
[2026-08-08T20:30:25.157Z] DRIVER_CTRL: getDriverDashboard - User: 6993463109a83283ae7365ae, Comp: 698ac8b01587e01651a49443, Found: 12 vehicles
[2026-08-08T20:30:25.342Z] DRIVER_CTRL: getDriverDashboard - Final Status: approved, Current Car: RJ-27-TA-9821
[2026-08-08T20:30:54.557Z] DRIVER_CTRL: PunchIn - Start - KM: 123456, Vehicle: 6982efaa508a22188c618879
[2026-08-08T20:30:58.574Z] DRIVER_CTRL: getDriverDashboard - User: 6993463109a83283ae7365ae, Company: 698ac8b01587e01651a49443
[2026-08-08T20:30:58.985Z] DRIVER_CTRL: getDriverDashboard - User: 6993463109a83283ae7365ae, Comp: 698ac8b01587e01651a49443, Found: 12 vehicles
[2026-08-08T20:30:59.497Z] DRIVER_CTRL: getDriverDashboard - Final Status: active, Current Car: RJ-27-TA-9821
[2026-08-08T20:39:38.811Z] CRON: Cron Jobs Initialized
[2026-08-08T20:40:11.687Z] CRON: Cron Jobs Initialized
[2026-08-08T20:40:25.820Z] CRON: Cron Jobs Initialized
[2026-08-08T20:40:43.063Z] CRON: Cron Jobs Initialized
[2026-08-08T20:41:10.390Z] CRON: Cron Jobs Initialized
[2026-08-08T21:20:40.142Z] Login attempt started
[2026-08-08T21:20:40.145Z] Login request for: Gopal123
[2026-08-08T21:20:46.072Z] User found: Gopal Audichiy (Role: Driver)
[2026-08-08T21:20:46.302Z] Match debug: receivedPwdLen=10, dbHashStart=$2a$10$M5k, isMatch=true
[2026-08-08T21:20:46.304Z] Password matched
[2026-08-08T21:20:46.305Z] DEBUG: Company status in DB is: "active" (Normalized: "active")
[2026-08-08T21:20:47.436Z] DRIVER_CTRL: getDriverDashboard - User: 6993463109a83283ae7365ae, Company: 698ac8b01587e01651a49443
[2026-08-08T21:20:47.662Z] DRIVER_CTRL: getDriverDashboard - User: 6993463109a83283ae7365ae, Comp: 698ac8b01587e01651a49443, Found: 12 vehicles
[2026-08-08T21:20:48.018Z] DRIVER_CTRL: getDriverDashboard - Final Status: active, Current Car: RJ-27-TA-9821
[2026-08-08T21:21:30.459Z] DRIVER_CTRL: getDriverDashboard - User: 6993463109a83283ae7365ae, Company: 698ac8b01587e01651a49443
[2026-08-08T21:21:30.718Z] DRIVER_CTRL: getDriverDashboard - User: 6993463109a83283ae7365ae, Comp: 698ac8b01587e01651a49443, Found: 12 vehicles
[2026-08-08T21:21:31.086Z] DRIVER_CTRL: getDriverDashboard - Final Status: completed, Current Car: RJ-27-TA-9821
[2026-08-08T21:21:40.898Z] Login attempt started
[2026-08-08T21:21:40.900Z] Login request for: Kavishuser1
[2026-08-08T21:21:41.038Z] User found: Yatree (Role: Admin)
[2026-08-08T21:21:41.226Z] Match debug: receivedPwdLen=11, dbHashStart=$2a$10$SZI, isMatch=true
[2026-08-08T21:21:41.227Z] Password matched
[2026-08-08T21:21:41.229Z] DEBUG: Company status in DB is: "active" (Normalized: "active")
[2026-08-08T21:43:58.265Z] CRON: Cron Jobs Initialized
[2026-08-09T05:41:27.865Z] CRON: Cron Jobs Initialized
[2026-08-09T05:47:42.089Z] Login attempt started
[2026-08-09T05:47:42.090Z] Login request for: Kavishuser1
[2026-08-09T05:47:42.333Z] User found: Yatree (Role: Admin)
[2026-08-09T05:47:42.442Z] Match debug: receivedPwdLen=4, dbHashStart=$2a$10$SZI, isMatch=false
[2026-08-09T05:47:42.443Z] Invalid credentials
[2026-08-09T05:52:36.278Z] CRON: Cron Jobs Initialized
[2026-08-09T06:15:29.952Z] CRON: Cron Jobs Initialized
[2026-08-09T06:15:39.901Z] CRON: Cron Jobs Initialized
[2026-08-09T06:42:01.567Z] Login attempt started
[2026-08-09T06:42:01.570Z] Login request for: rahul123
[2026-08-09T06:42:02.062Z] Login failed: User [rahul123] not found in standard lookup.
[2026-08-09T06:42:08.866Z] Login attempt started
[2026-08-09T06:42:08.868Z] Login request for: rahul123
[2026-08-09T06:42:09.028Z] Login failed: User [rahul123] not found in standard lookup.
[2026-08-09T06:42:19.964Z] Login attempt started
[2026-08-09T06:42:19.966Z] Login request for: rahul123
[2026-08-09T06:42:20.074Z] Login failed: User [rahul123] not found in standard lookup.
[2026-08-09T06:42:31.594Z] Login attempt started
[2026-08-09T06:42:31.597Z] Login request for: @abhinandan
[2026-08-09T06:42:32.066Z] User found: System Admin (Role: SuperAdmin)
[2026-08-09T06:42:32.223Z] Match debug: receivedPwdLen=9, dbHashStart=$2a$10$/3i, isMatch=true
[2026-08-09T06:42:32.224Z] Password matched
[2026-08-09T06:42:32.224Z] DEBUG: Company status in DB is: "active" (Normalized: "active")
[2026-08-09T06:43:12.447Z] DEBUG: getAllVehicles - Query: {"$or":[{"company":"69fdbdb6dbc3334c91fb55eb"},{"company":"69fdbdb6dbc3334c91fb55eb"}],"isOutsideCar":{"$ne":true},"company":"69fdbdb6dbc3334c91fb55eb"}
[2026-08-13T05:40:05.565Z] CRON: Cron Jobs Initialized
[2026-08-13T05:41:11.122Z] CRON: Cron Jobs Initialized
[2026-08-13T05:43:44.523Z] CRON: Cron Jobs Initialized
[2026-08-13T05:44:10.924Z] Login attempt started
[2026-08-13T05:44:10.926Z] Login request for: Kavishuser1
[2026-08-13T05:44:11.137Z] User found: Yatree (Role: Admin)
[2026-08-13T05:44:11.380Z] Match debug: receivedPwdLen=11, dbHashStart=$2a$10$SZI, isMatch=true
[2026-08-13T05:44:11.383Z] Password matched
[2026-08-13T05:44:11.384Z] DEBUG: Company status in DB is: "active" (Normalized: "active")
[2026-08-13T05:44:31.389Z] DEBUG: getAllVehicles - Query: {"$or":[{"company":"698ac8b01587e01651a49443"},{"company":"698ac8b01587e01651a49443"}],"isOutsideCar":{"$ne":true},"company":"698ac8b01587e01651a49443","status":"active"}
[2026-08-13T05:44:31.661Z] DEBUG: getAllVehicles - Query: {"$or":[{"company":"698ac8b01587e01651a49443"},{"company":"698ac8b01587e01651a49443"}],"isOutsideCar":{"$ne":true},"company":"698ac8b01587e01651a49443","status":"active"}
[2026-08-13T05:46:32.347Z] CRON: Cron Jobs Initialized
[2026-08-13T05:46:51.213Z] CRON: Cron Jobs Initialized
[2026-08-13T05:47:17.818Z] CRON: Cron Jobs Initialized
[2026-08-13T05:48:02.018Z] CRON: Cron Jobs Initialized
[2026-08-13T05:48:58.990Z] CRON: Cron Jobs Initialized
[2026-08-13T05:49:07.965Z] CRON: Cron Jobs Initialized
[2026-08-13T05:50:17.679Z] DEBUG: getAllVehicles - Query: {"$or":[{"company":"698ac8b01587e01651a49443"},{"company":"698ac8b01587e01651a49443"}],"isOutsideCar":{"$ne":true},"company":"698ac8b01587e01651a49443","status":"active"}
[2026-08-13T05:50:17.986Z] DEBUG: getAllVehicles - Query: {"$or":[{"company":"698ac8b01587e01651a49443"},{"company":"698ac8b01587e01651a49443"}],"isOutsideCar":{"$ne":true},"company":"698ac8b01587e01651a49443","status":"active"}
[2026-08-13T05:51:06.772Z] CRON: Cron Jobs Initialized
[2026-08-13T05:52:00.632Z] CRON: Cron Jobs Initialized
[2026-08-13T05:52:52.165Z] DEBUG: getAllVehicles - Query: {"$or":[{"company":"698ac8b01587e01651a49443"},{"company":"698ac8b01587e01651a49443"}],"isOutsideCar":{"$ne":true},"company":"698ac8b01587e01651a49443","status":"active"}
[2026-08-13T05:55:31.259Z] CRON: Cron Jobs Initialized
[2026-08-13T05:56:00.113Z] CRON: Cron Jobs Initialized
[2026-08-13T06:02:55.280Z] DEBUG: getAllVehicles - Query: {"$or":[{"company":"698ac8b01587e01651a49443"},{"company":"698ac8b01587e01651a49443"}],"isOutsideCar":{"$ne":true},"company":"698ac8b01587e01651a49443","status":"active"}
[2026-08-13T06:03:09.511Z] DEBUG: getAllVehicles - Query: {"$or":[{"company":"698ac8b01587e01651a49443"},{"company":"698ac8b01587e01651a49443"}],"isOutsideCar":{"$ne":true},"company":"698ac8b01587e01651a49443","status":"active"}
[2026-08-13T06:03:23.542Z] DEBUG: getAllVehicles - Query: {"$or":[{"company":"698ac8b01587e01651a49443"},{"company":"698ac8b01587e01651a49443"}],"isOutsideCar":{"$ne":true},"company":"698ac8b01587e01651a49443","status":"active"}
[2026-08-13T06:03:40.847Z] DEBUG: getAllVehicles - Query: {"$or":[{"company":"698ac8b01587e01651a49443"},{"company":"698ac8b01587e01651a49443"}],"isOutsideCar":{"$ne":true},"company":"698ac8b01587e01651a49443","status":"active"}
[2026-08-13T06:03:57.130Z] DEBUG: getAllVehicles - Query: {"$or":[{"company":"698ac8b01587e01651a49443"},{"company":"698ac8b01587e01651a49443"}],"isOutsideCar":{"$ne":true},"company":"698ac8b01587e01651a49443","status":"active"}
[2026-08-13T06:04:13.181Z] DEBUG: getAllVehicles - Query: {"$or":[{"company":"698ac8b01587e01651a49443"},{"company":"698ac8b01587e01651a49443"}],"isOutsideCar":{"$ne":true},"company":"698ac8b01587e01651a49443","status":"active"}
[2026-08-13T06:04:26.725Z] DEBUG: getAllVehicles - Query: {"$or":[{"company":"698ac8b01587e01651a49443"},{"company":"698ac8b01587e01651a49443"}],"isOutsideCar":{"$ne":true},"company":"698ac8b01587e01651a49443","status":"active"}
[2026-08-13T06:04:40.344Z] DEBUG: getAllVehicles - Query: {"$or":[{"company":"698ac8b01587e01651a49443"},{"company":"698ac8b01587e01651a49443"}],"isOutsideCar":{"$ne":true},"company":"698ac8b01587e01651a49443","status":"active"}
[2026-08-13T06:06:16.606Z] DEBUG: getAllVehicles - Query: {"$or":[{"company":"698ac8b01587e01651a49443"},{"company":"698ac8b01587e01651a49443"}],"isOutsideCar":{"$ne":true},"company":"698ac8b01587e01651a49443","status":"active"}
[2026-08-13T06:08:07.304Z] DEBUG: getAllVehicles - Query: {"$or":[{"company":"698ac8b01587e01651a49443"},{"company":"698ac8b01587e01651a49443"}],"isOutsideCar":{"$ne":true},"company":"698ac8b01587e01651a49443","status":"active"}
[2026-08-13T06:08:28.105Z] DEBUG: getAllVehicles - Query: {"$or":[{"company":"698ac8b01587e01651a49443"},{"company":"698ac8b01587e01651a49443"}],"isOutsideCar":{"$ne":true},"company":"698ac8b01587e01651a49443","status":"active"}
[2026-08-13T06:10:01.071Z] DEBUG: getAllVehicles - Query: {"$or":[{"company":"698ac8b01587e01651a49443"},{"company":"698ac8b01587e01651a49443"}],"isOutsideCar":{"$ne":true},"company":"698ac8b01587e01651a49443","status":"active"}
[2026-08-13T06:10:57.648Z] DEBUG: getAllVehicles - Query: {"$or":[{"company":"698ac8b01587e01651a49443"},{"company":"698ac8b01587e01651a49443"}],"isOutsideCar":{"$ne":true},"company":"698ac8b01587e01651a49443","status":"active"}
[2026-08-13T06:11:13.159Z] DEBUG: getAllVehicles - Query: {"$or":[{"company":"698ac8b01587e01651a49443"},{"company":"698ac8b01587e01651a49443"}],"isOutsideCar":{"$ne":true},"company":"698ac8b01587e01651a49443","status":"active"}
[2026-08-13T06:11:55.851Z] DEBUG: getAllVehicles - Query: {"$or":[{"company":"698ac8b01587e01651a49443"},{"company":"698ac8b01587e01651a49443"}],"isOutsideCar":{"$ne":true},"company":"698ac8b01587e01651a49443","status":"active"}
[2026-08-13T06:12:01.087Z] DEBUG: getAllVehicles - Query: {"$or":[{"company":"698ac8b01587e01651a49443"},{"company":"698ac8b01587e01651a49443"}],"isOutsideCar":{"$ne":true},"company":"698ac8b01587e01651a49443","status":"active"}
[2026-08-13T06:12:03.325Z] DEBUG: getAllVehicles - Query: {"$or":[{"company":"698ac8b01587e01651a49443"},{"company":"698ac8b01587e01651a49443"}],"isOutsideCar":{"$ne":true},"company":"698ac8b01587e01651a49443"}
[2026-08-13T06:15:00.699Z] DEBUG: getAllVehicles - Query: {"$or":[{"company":"698ac8b01587e01651a49443"},{"company":"698ac8b01587e01651a49443"}],"isOutsideCar":{"$ne":true},"company":"698ac8b01587e01651a49443","status":"active"}
[2026-08-13T06:15:44.718Z] CRON: Cron Jobs Initialized
[2026-08-13T06:16:02.443Z] DEBUG: getAllVehicles - Query: {"$or":[{"company":"698ac8b01587e01651a49443"},{"company":"698ac8b01587e01651a49443"}],"isOutsideCar":{"$ne":true},"company":"698ac8b01587e01651a49443"}
[2026-08-13T06:16:58.914Z] CRON: Cron Jobs Initialized
[2026-08-13T06:18:27.472Z] CRON: Cron Jobs Initialized
[2026-08-13T06:18:54.193Z] CRON: Cron Jobs Initialized
[2026-08-13T06:20:14.059Z] DEBUG: getAllVehicles - Query: {"$or":[{"company":"698ac8b01587e01651a49443"},{"company":"698ac8b01587e01651a49443"}],"isOutsideCar":{"$ne":true},"company":"698ac8b01587e01651a49443","status":"active"}
[2026-08-13T06:21:03.465Z] DEBUG: getAllVehicles - Query: {"$or":[{"company":"698ac8b01587e01651a49443"},{"company":"698ac8b01587e01651a49443"}],"isOutsideCar":{"$ne":true},"company":"698ac8b01587e01651a49443","status":"active"}
[2026-08-13T06:22:12.895Z] DEBUG: getAllVehicles - Query: {"$or":[{"company":"698ac8b01587e01651a49443"},{"company":"698ac8b01587e01651a49443"}],"isOutsideCar":{"$ne":true},"company":"698ac8b01587e01651a49443","status":"active"}
[2026-08-13T06:22:13.172Z] DEBUG: getAllVehicles - Query: {"$or":[{"company":"698ac8b01587e01651a49443"},{"company":"698ac8b01587e01651a49443"}],"isOutsideCar":{"$ne":true},"company":"698ac8b01587e01651a49443","status":"active"}
[2026-08-13T06:22:20.188Z] DEBUG: getAllVehicles - Query: {"$or":[{"company":"698ac8b01587e01651a49443"},{"company":"698ac8b01587e01651a49443"}],"isOutsideCar":{"$ne":true},"company":"698ac8b01587e01651a49443","status":"active"}
[2026-08-13T06:22:20.361Z] DEBUG: getAllVehicles - Query: {"$or":[{"company":"698ac8b01587e01651a49443"},{"company":"698ac8b01587e01651a49443"}],"isOutsideCar":{"$ne":true},"company":"698ac8b01587e01651a49443","status":"active"}
[2026-08-13T06:22:22.595Z] DEBUG: getAllVehicles - Query: {"$or":[{"company":"698ac8b01587e01651a49443"},{"company":"698ac8b01587e01651a49443"}],"isOutsideCar":{"$ne":true},"company":"698ac8b01587e01651a49443","status":"active"}
[2026-08-13T06:22:25.565Z] DEBUG: getAllVehicles - Query: {"$or":[{"company":"698ac8b01587e01651a49443"},{"company":"698ac8b01587e01651a49443"}],"isOutsideCar":{"$ne":true},"company":"698ac8b01587e01651a49443","status":"active"}
[2026-08-13T06:22:31.875Z] DEBUG: getAllVehicles - Query: {"$or":[{"company":"698ac8b01587e01651a49443"},{"company":"698ac8b01587e01651a49443"}],"isOutsideCar":{"$ne":true},"company":"698ac8b01587e01651a49443","status":"active"}
[2026-08-13T06:22:31.882Z] DEBUG: getAllVehicles - Query: {"$or":[{"company":"698ac8b01587e01651a49443"},{"company":"698ac8b01587e01651a49443"}],"isOutsideCar":true,"company":"698ac8b01587e01651a49443","status":"active"}
[2026-08-13T06:22:31.889Z] DEBUG: getAllVehicles - Query: {"$or":[{"company":"698ac8b01587e01651a49443"},{"company":"698ac8b01587e01651a49443"}],"isOutsideCar":true,"createdAt":{"$gte":"2026-04-01T00:00:00.000Z","$lte":"2027-03-31T23:59:59.000Z"},"company":"698ac8b01587e01651a49443","status":"active"}
[2026-08-13T06:22:32.528Z] DEBUG: getAllVehicles - Query: {"$or":[{"company":"698ac8b01587e01651a49443"},{"company":"698ac8b01587e01651a49443"}],"isOutsideCar":{"$ne":true},"company":"698ac8b01587e01651a49443","status":"active"}
[2026-09-05T07:31:02.301Z] CRON: Cron Jobs Initialized
[2026-09-05T07:32:01.206Z] Login attempt started
[2026-09-05T07:32:01.210Z] Login request for: Kavishuser1
[2026-09-05T07:32:01.324Z] User found: Yatree (Role: Admin)
[2026-09-05T07:32:01.486Z] Match debug: receivedPwdLen=11, dbHashStart=$2a$10$SZI, isMatch=true
[2026-09-05T07:32:01.489Z] Password matched
[2026-09-05T07:32:01.490Z] DEBUG: Company status in DB is: "active" (Normalized: "active")
[2026-09-05T07:32:29.637Z] DEBUG: getAllVehicles - Query: {"$or":[{"company":"698ac8b01587e01651a49443"},{"company":"698ac8b01587e01651a49443"}],"isOutsideCar":true,"company":"698ac8b01587e01651a49443","status":"active"}
[2026-09-05T07:32:29.644Z] DEBUG: getAllVehicles - Query: {"$or":[{"company":"698ac8b01587e01651a49443"},{"company":"698ac8b01587e01651a49443"}],"isOutsideCar":{"$ne":true},"company":"698ac8b01587e01651a49443","status":"active"}
[2026-09-05T07:32:29.658Z] DEBUG: getAllVehicles - Query: {"$or":[{"company":"698ac8b01587e01651a49443"},{"company":"698ac8b01587e01651a49443"}],"isOutsideCar":true,"createdAt":{"$gte":"2026-04-01T00:00:00.000Z","$lte":"2027-03-31T23:59:59.000Z"},"company":"698ac8b01587e01651a49443","status":"active"}
[2026-09-05T07:32:30.628Z] DEBUG: getAllVehicles - Query: {"$or":[{"company":"698ac8b01587e01651a49443"},{"company":"698ac8b01587e01651a49443"}],"isOutsideCar":{"$ne":true},"company":"698ac8b01587e01651a49443","status":"active"}
[2026-09-05T07:32:30.767Z] DEBUG: getAllVehicles - Query: {"$or":[{"company":"698ac8b01587e01651a49443"},{"company":"698ac8b01587e01651a49443"}],"isOutsideCar":true,"createdAt":{"$gte":"2026-04-01T00:00:00.000Z","$lte":"2027-03-31T23:59:59.000Z"},"company":"698ac8b01587e01651a49443","status":"active"}
[2026-09-05T07:32:31.130Z] DEBUG: getAllVehicles - Query: {"$or":[{"company":"698ac8b01587e01651a49443"},{"company":"698ac8b01587e01651a49443"}],"isOutsideCar":{"$ne":true},"company":"698ac8b01587e01651a49443","status":"active"}
[2026-09-05T07:44:54.890Z] DEBUG: getAllVehicles - Query: {"$or":[{"company":"698ac8b01587e01651a49443"},{"company":"698ac8b01587e01651a49443"}],"isOutsideCar":{"$ne":true},"company":"698ac8b01587e01651a49443","status":"active"}
[2026-09-05T07:44:54.902Z] DEBUG: getAllVehicles - Query: {"$or":[{"company":"698ac8b01587e01651a49443"},{"company":"698ac8b01587e01651a49443"}],"isOutsideCar":true,"company":"698ac8b01587e01651a49443","status":"active"}
[2026-09-05T07:44:54.909Z] DEBUG: getAllVehicles - Query: {"$or":[{"company":"698ac8b01587e01651a49443"},{"company":"698ac8b01587e01651a49443"}],"isOutsideCar":true,"createdAt":{"$gte":"2026-04-01T00:00:00.000Z","$lte":"2027-03-31T23:59:59.000Z"},"company":"698ac8b01587e01651a49443","status":"active"}
[2026-09-05T07:44:55.161Z] DEBUG: getAllVehicles - Query: {"$or":[{"company":"698ac8b01587e01651a49443"},{"company":"698ac8b01587e01651a49443"}],"isOutsideCar":{"$ne":true},"company":"698ac8b01587e01651a49443","status":"active"}
[2026-09-05T07:55:46.520Z] CRON: Cron Jobs Initialized
[2026-09-05T07:56:39.410Z] Login attempt started
[2026-09-05T07:56:39.412Z] Login request for: Kavishuser1
[2026-09-05T07:56:39.636Z] User found: Yatree (Role: Admin)
[2026-09-05T07:56:39.855Z] Match debug: receivedPwdLen=11, dbHashStart=$2a$10$SZI, isMatch=true
[2026-09-05T07:56:39.858Z] Password matched
[2026-09-05T07:56:39.859Z] DEBUG: Company status in DB is: "active" (Normalized: "active")
[2026-09-05T07:56:48.327Z] DEBUG: getAllVehicles - Query: {"$or":[{"company":"698ac8b01587e01651a49443"},{"company":"698ac8b01587e01651a49443"}],"isOutsideCar":{"$ne":true},"company":"698ac8b01587e01651a49443","status":"active"}
[2026-09-05T07:56:48.333Z] DEBUG: getAllVehicles - Query: {"$or":[{"company":"698ac8b01587e01651a49443"},{"company":"698ac8b01587e01651a49443"}],"isOutsideCar":true,"company":"698ac8b01587e01651a49443","status":"active"}
[2026-09-05T07:56:48.340Z] DEBUG: getAllVehicles - Query: {"$or":[{"company":"698ac8b01587e01651a49443"},{"company":"698ac8b01587e01651a49443"}],"isOutsideCar":true,"createdAt":{"$gte":"2026-04-01T00:00:00.000Z","$lte":"2027-03-31T23:59:59.000Z"},"company":"698ac8b01587e01651a49443","status":"active"}
[2026-09-05T07:56:48.903Z] DEBUG: getAllVehicles - Query: {"$or":[{"company":"698ac8b01587e01651a49443"},{"company":"698ac8b01587e01651a49443"}],"isOutsideCar":{"$ne":true},"company":"698ac8b01587e01651a49443","status":"active"}
[2026-09-05T07:56:51.349Z] DEBUG: getAllVehicles - Query: {"$or":[{"company":"698ac8b01587e01651a49443"},{"company":"698ac8b01587e01651a49443"}],"isOutsideCar":true,"createdAt":{"$gte":"2026-04-01T00:00:00.000Z","$lte":"2027-03-31T23:59:59.000Z"},"company":"698ac8b01587e01651a49443","status":"active"}
[2026-09-05T07:56:51.372Z] DEBUG: getAllVehicles - Query: {"$or":[{"company":"698ac8b01587e01651a49443"},{"company":"698ac8b01587e01651a49443"}],"isOutsideCar":{"$ne":true},"company":"698ac8b01587e01651a49443","status":"active"}
[2026-09-07T07:13:55.196Z] CRON: Cron Jobs Initialized
[2026-09-07T07:15:07.314Z] Login attempt started
[2026-09-07T07:15:07.315Z] Login request for: Kavishuser1
[2026-09-07T07:15:07.439Z] User found: Yatree (Role: Admin)
[2026-09-07T07:15:07.614Z] Match debug: receivedPwdLen=11, dbHashStart=$2a$10$SZI, isMatch=true
[2026-09-07T07:15:07.616Z] Password matched
[2026-09-07T07:15:07.617Z] DEBUG: Company status in DB is: "active" (Normalized: "active")
[2026-09-07T07:15:23.289Z] DEBUG: getAllVehicles - Query: {"$or":[{"company":"698ac8b01587e01651a49443"},{"company":"698ac8b01587e01651a49443"}],"isOutsideCar":true,"company":"698ac8b01587e01651a49443","status":"active"}
[2026-09-07T07:15:23.297Z] DEBUG: getAllVehicles - Query: {"$or":[{"company":"698ac8b01587e01651a49443"},{"company":"698ac8b01587e01651a49443"}],"isOutsideCar":{"$ne":true},"company":"698ac8b01587e01651a49443","status":"active"}
[2026-09-07T07:15:23.309Z] DEBUG: getAllVehicles - Query: {"$or":[{"company":"698ac8b01587e01651a49443"},{"company":"698ac8b01587e01651a49443"}],"isOutsideCar":true,"createdAt":{"$gte":"2026-04-01T00:00:00.000Z","$lte":"2027-03-31T23:59:59.000Z"},"company":"698ac8b01587e01651a49443","status":"active"}
[2026-09-07T07:15:24.440Z] DEBUG: getAllVehicles - Query: {"$or":[{"company":"698ac8b01587e01651a49443"},{"company":"698ac8b01587e01651a49443"}],"isOutsideCar":{"$ne":true},"company":"698ac8b01587e01651a49443","status":"active"}
[2026-09-07T07:15:28.077Z] DEBUG: getAllVehicles - Query: {"$or":[{"company":"698ac8b01587e01651a49443"},{"company":"698ac8b01587e01651a49443"}],"isOutsideCar":true,"createdAt":{"$gte":"2026-04-01T00:00:00.000Z","$lte":"2027-03-31T23:59:59.000Z"},"company":"698ac8b01587e01651a49443","status":"active"}
[2026-09-07T07:15:28.084Z] DEBUG: getAllVehicles - Query: {"$or":[{"company":"698ac8b01587e01651a49443"},{"company":"698ac8b01587e01651a49443"}],"isOutsideCar":{"$ne":true},"company":"698ac8b01587e01651a49443","status":"active"}
[2026-09-07T07:24:11.928Z] DEBUG: getAllVehicles - Query: {"$or":[{"company":"698ac8b01587e01651a49443"},{"company":"698ac8b01587e01651a49443"}],"isOutsideCar":true,"createdAt":{"$gte":"2026-04-01T00:00:00.000Z","$lte":"2027-03-31T23:59:59.000Z"},"company":"698ac8b01587e01651a49443","status":"active"}
[2026-09-07T07:24:11.934Z] DEBUG: getAllVehicles - Query: {"$or":[{"company":"698ac8b01587e01651a49443"},{"company":"698ac8b01587e01651a49443"}],"isOutsideCar":{"$ne":true},"company":"698ac8b01587e01651a49443","status":"active"}
[2026-09-07T07:25:48.901Z] DEBUG: getAllVehicles - Query: {"$or":[{"company":"698ac8b01587e01651a49443"},{"company":"698ac8b01587e01651a49443"}],"isOutsideCar":true,"createdAt":{"$gte":"2026-04-01T00:00:00.000Z","$lte":"2027-03-31T23:59:59.000Z"},"company":"698ac8b01587e01651a49443","status":"active"}
[2026-09-07T07:25:48.905Z] DEBUG: getAllVehicles - Query: {"$or":[{"company":"698ac8b01587e01651a49443"},{"company":"698ac8b01587e01651a49443"}],"isOutsideCar":{"$ne":true},"company":"698ac8b01587e01651a49443","status":"active"}
[2026-09-07T07:27:22.398Z] CRON: Cron Jobs Initialized
[2026-09-07T07:35:20.003Z] CRON: Cron Jobs Initialized
[2026-09-07T07:35:33.828Z] CRON: Cron Jobs Initialized
[2026-09-07T07:35:40.667Z] CRON: Cron Jobs Initialized
[2026-09-07T07:35:51.795Z] CRON: Cron Jobs Initialized
[2026-09-07T07:36:10.273Z] CRON: Cron Jobs Initialized
[2026-09-07T07:36:21.336Z] CRON: Cron Jobs Initialized
[2026-09-07T07:36:27.248Z] CRON: Cron Jobs Initialized
[2026-09-07T07:36:34.806Z] CRON: Cron Jobs Initialized
[2026-09-07T07:36:42.882Z] CRON: Cron Jobs Initialized
[2026-09-07T07:36:52.285Z] CRON: Cron Jobs Initialized
[2026-09-07T07:41:05.528Z] CRON: Cron Jobs Initialized
[2026-09-07T07:41:45.291Z] CRON: Cron Jobs Initialized
[2026-09-07T07:42:10.295Z] CRON: Cron Jobs Initialized
[2026-09-07T07:42:14.225Z] CRON: Cron Jobs Initialized
[2026-09-07T07:42:26.555Z] CRON: Cron Jobs Initialized
[2026-09-07T07:42:37.457Z] CRON: Cron Jobs Initialized
[2026-09-07T07:43:00.264Z] CRON: Cron Jobs Initialized
[2026-09-07T07:43:36.814Z] CRON: Cron Jobs Initialized
[2026-09-07T07:46:07.970Z] Login attempt started
[2026-09-07T07:46:07.972Z] Login request for: Kavishuser1
[2026-09-07T07:46:08.049Z] User found: Yatree (Role: Admin)
[2026-09-07T07:46:08.179Z] Match debug: receivedPwdLen=11, dbHashStart=$2a$10$SZI, isMatch=true
[2026-09-07T07:46:08.180Z] Password matched
[2026-09-07T07:46:08.181Z] DEBUG: Company status in DB is: "active" (Normalized: "active")
[2026-09-07T07:46:31.704Z] DEBUG: getAllVehicles - Query: {"$or":[{"company":"698ac8b01587e01651a49443"},{"company":"698ac8b01587e01651a49443"}],"isOutsideCar":{"$ne":true},"company":"698ac8b01587e01651a49443","status":"active"}
[2026-09-07T07:49:27.190Z] CRON: Cron Jobs Initialized
[2026-09-07T07:52:39.161Z] DEBUG: getAllVehicles - Query: {"$or":[{"company":"698ac8b01587e01651a49443"},{"company":"698ac8b01587e01651a49443"}],"isOutsideCar":{"$ne":true},"company":"698ac8b01587e01651a49443","status":"active"}
[2026-09-07T08:02:01.167Z] CRON: Cron Jobs Initialized
[2026-09-07T08:02:12.065Z] CRON: Cron Jobs Initialized
[2026-09-07T08:02:32.179Z] DEBUG: getAllVehicles - Query: {"$or":[{"company":"698ac8b01587e01651a49443"},{"company":"698ac8b01587e01651a49443"}],"isOutsideCar":{"$ne":true},"company":"698ac8b01587e01651a49443","status":"active"}
[2026-09-07T08:02:39.128Z] DEBUG: getAllVehicles - Query: {"$or":[{"company":"698ac8b01587e01651a49443"},{"company":"698ac8b01587e01651a49443"}],"isOutsideCar":{"$ne":true},"company":"698ac8b01587e01651a49443","status":"active"}
[2026-09-07T08:04:44.884Z] GLOBAL_ERROR: Not Found - /api/leads/company/698ac8b01587e01651a49443 - Stack: Error: Not Found - /api/leads/company/698ac8b01587e01651a49443
    at notFound (E:\New folder\Master-Server\TEXI\yatree-backend\src\middleware\errorMiddleware.js:2:19)
    at Layer.handle [as handle_request] (E:\New folder\Master-Server\TEXI\yatree-backend\node_modules\express\lib\router\layer.js:95:5)
    at trim_prefix (E:\New folder\Master-Server\TEXI\yatree-backend\node_modules\express\lib\router\index.js:328:13)
    at E:\New folder\Master-Server\TEXI\yatree-backend\node_modules\express\lib\router\index.js:286:9
    at Function.process_params (E:\New folder\Master-Server\TEXI\yatree-backend\node_modules\express\lib\router\index.js:346:12)
    at next (E:\New folder\Master-Server\TEXI\yatree-backend\node_modules\express\lib\router\index.js:280:10)
    at next (E:\New folder\Master-Server\TEXI\yatree-backend\node_modules\express\lib\router\route.js:141:14)
    at E:\New folder\Master-Server\TEXI\yatree-backend\src\app.js:127:16
    at Layer.handle [as handle_request] (E:\New folder\Master-Server\TEXI\yatree-backend\node_modules\express\lib\router\layer.js:95:5)
    at next (E:\New folder\Master-Server\TEXI\yatree-backend\node_modules\express\lib\router\route.js:149:13)
[2026-09-07T08:04:44.887Z] DEBUG: getAllVehicles - Query: {"$or":[{"company":"698ac8b01587e01651a49443"},{"company":"698ac8b01587e01651a49443"}],"isOutsideCar":{"$ne":true},"company":"698ac8b01587e01651a49443","status":"active"}
[2026-09-07T08:05:35.985Z] DEBUG: getAllVehicles - Query: {"$or":[{"company":"698ac8b01587e01651a49443"},{"company":"698ac8b01587e01651a49443"}],"isOutsideCar":{"$ne":true},"company":"698ac8b01587e01651a49443","status":"active"}
[2026-09-07T08:05:35.992Z] GLOBAL_ERROR: Not Found - /api/leads/company/698ac8b01587e01651a49443 - Stack: Error: Not Found - /api/leads/company/698ac8b01587e01651a49443
    at notFound (E:\New folder\Master-Server\TEXI\yatree-backend\src\middleware\errorMiddleware.js:2:19)
    at Layer.handle [as handle_request] (E:\New folder\Master-Server\TEXI\yatree-backend\node_modules\express\lib\router\layer.js:95:5)
    at trim_prefix (E:\New folder\Master-Server\TEXI\yatree-backend\node_modules\express\lib\router\index.js:328:13)
    at E:\New folder\Master-Server\TEXI\yatree-backend\node_modules\express\lib\router\index.js:286:9
    at Function.process_params (E:\New folder\Master-Server\TEXI\yatree-backend\node_modules\express\lib\router\index.js:346:12)
    at next (E:\New folder\Master-Server\TEXI\yatree-backend\node_modules\express\lib\router\index.js:280:10)
    at next (E:\New folder\Master-Server\TEXI\yatree-backend\node_modules\express\lib\router\route.js:141:14)
    at E:\New folder\Master-Server\TEXI\yatree-backend\src\app.js:127:16
    at Layer.handle [as handle_request] (E:\New folder\Master-Server\TEXI\yatree-backend\node_modules\express\lib\router\layer.js:95:5)
    at next (E:\New folder\Master-Server\TEXI\yatree-backend\node_modules\express\lib\router\route.js:149:13)
[2026-09-07T08:07:48.127Z] DEBUG: getAllVehicles - Query: {"$or":[{"company":"698ac8b01587e01651a49443"},{"company":"698ac8b01587e01651a49443"}],"isOutsideCar":{"$ne":true},"company":"698ac8b01587e01651a49443","status":"active"}
[2026-09-07T08:07:48.133Z] GLOBAL_ERROR: Not Found - /api/leads/company/698ac8b01587e01651a49443 - Stack: Error: Not Found - /api/leads/company/698ac8b01587e01651a49443
    at notFound (E:\New folder\Master-Server\TEXI\yatree-backend\src\middleware\errorMiddleware.js:2:19)
    at Layer.handle [as handle_request] (E:\New folder\Master-Server\TEXI\yatree-backend\node_modules\express\lib\router\layer.js:95:5)
    at trim_prefix (E:\New folder\Master-Server\TEXI\yatree-backend\node_modules\express\lib\router\index.js:328:13)
    at E:\New folder\Master-Server\TEXI\yatree-backend\node_modules\express\lib\router\index.js:286:9
    at Function.process_params (E:\New folder\Master-Server\TEXI\yatree-backend\node_modules\express\lib\router\index.js:346:12)
    at next (E:\New folder\Master-Server\TEXI\yatree-backend\node_modules\express\lib\router\index.js:280:10)
    at next (E:\New folder\Master-Server\TEXI\yatree-backend\node_modules\express\lib\router\route.js:141:14)
    at E:\New folder\Master-Server\TEXI\yatree-backend\src\app.js:127:16
    at Layer.handle [as handle_request] (E:\New folder\Master-Server\TEXI\yatree-backend\node_modules\express\lib\router\layer.js:95:5)
    at next (E:\New folder\Master-Server\TEXI\yatree-backend\node_modules\express\lib\router\route.js:149:13)
[2026-09-07T08:08:01.133Z] DEBUG: getAllVehicles - Query: {"$or":[{"company":"698ac8b01587e01651a49443"},{"company":"698ac8b01587e01651a49443"}],"isOutsideCar":{"$ne":true},"company":"698ac8b01587e01651a49443","status":"active"}
[2026-09-07T08:08:01.142Z] GLOBAL_ERROR: Not Found - /api/leads/company/698ac8b01587e01651a49443 - Stack: Error: Not Found - /api/leads/company/698ac8b01587e01651a49443
    at notFound (E:\New folder\Master-Server\TEXI\yatree-backend\src\middleware\errorMiddleware.js:2:19)
    at Layer.handle [as handle_request] (E:\New folder\Master-Server\TEXI\yatree-backend\node_modules\express\lib\router\layer.js:95:5)
    at trim_prefix (E:\New folder\Master-Server\TEXI\yatree-backend\node_modules\express\lib\router\index.js:328:13)
    at E:\New folder\Master-Server\TEXI\yatree-backend\node_modules\express\lib\router\index.js:286:9
    at Function.process_params (E:\New folder\Master-Server\TEXI\yatree-backend\node_modules\express\lib\router\index.js:346:12)
    at next (E:\New folder\Master-Server\TEXI\yatree-backend\node_modules\express\lib\router\index.js:280:10)
    at next (E:\New folder\Master-Server\TEXI\yatree-backend\node_modules\express\lib\router\route.js:141:14)
    at E:\New folder\Master-Server\TEXI\yatree-backend\src\app.js:127:16
    at Layer.handle [as handle_request] (E:\New folder\Master-Server\TEXI\yatree-backend\node_modules\express\lib\router\layer.js:95:5)
    at next (E:\New folder\Master-Server\TEXI\yatree-backend\node_modules\express\lib\router\route.js:149:13)
[2026-09-07T08:08:07.150Z] DEBUG: getAllVehicles - Query: {"$or":[{"company":"698ac8b01587e01651a49443"},{"company":"698ac8b01587e01651a49443"}],"isOutsideCar":{"$ne":true},"company":"698ac8b01587e01651a49443","status":"active"}
[2026-09-07T08:08:07.154Z] GLOBAL_ERROR: Not Found - /api/leads/company/698ac8b01587e01651a49443 - Stack: Error: Not Found - /api/leads/company/698ac8b01587e01651a49443
    at notFound (E:\New folder\Master-Server\TEXI\yatree-backend\src\middleware\errorMiddleware.js:2:19)
    at Layer.handle [as handle_request] (E:\New folder\Master-Server\TEXI\yatree-backend\node_modules\express\lib\router\layer.js:95:5)
    at trim_prefix (E:\New folder\Master-Server\TEXI\yatree-backend\node_modules\express\lib\router\index.js:328:13)
    at E:\New folder\Master-Server\TEXI\yatree-backend\node_modules\express\lib\router\index.js:286:9
    at Function.process_params (E:\New folder\Master-Server\TEXI\yatree-backend\node_modules\express\lib\router\index.js:346:12)
    at next (E:\New folder\Master-Server\TEXI\yatree-backend\node_modules\express\lib\router\index.js:280:10)
    at next (E:\New folder\Master-Server\TEXI\yatree-backend\node_modules\express\lib\router\route.js:141:14)
    at E:\New folder\Master-Server\TEXI\yatree-backend\src\app.js:127:16
    at Layer.handle [as handle_request] (E:\New folder\Master-Server\TEXI\yatree-backend\node_modules\express\lib\router\layer.js:95:5)
    at next (E:\New folder\Master-Server\TEXI\yatree-backend\node_modules\express\lib\router\route.js:149:13)
[2026-09-07T08:08:48.383Z] CRON: Cron Jobs Initialized
[2026-09-07T08:10:43.813Z] DEBUG: getAllVehicles - Query: {"$or":[{"company":"698ac8b01587e01651a49443"},{"company":"698ac8b01587e01651a49443"}],"isOutsideCar":{"$ne":true},"company":"698ac8b01587e01651a49443","status":"active"}
[2026-09-07T08:10:43.843Z] GLOBAL_ERROR: Not Found - /api/leads/company/698ac8b01587e01651a49443 - Stack: Error: Not Found - /api/leads/company/698ac8b01587e01651a49443
    at notFound (E:\New folder\Master-Server\TEXI\yatree-backend\src\middleware\errorMiddleware.js:2:19)
    at Layer.handle [as handle_request] (E:\New folder\Master-Server\TEXI\yatree-backend\node_modules\express\lib\router\layer.js:95:5)
    at trim_prefix (E:\New folder\Master-Server\TEXI\yatree-backend\node_modules\express\lib\router\index.js:328:13)
    at E:\New folder\Master-Server\TEXI\yatree-backend\node_modules\express\lib\router\index.js:286:9
    at Function.process_params (E:\New folder\Master-Server\TEXI\yatree-backend\node_modules\express\lib\router\index.js:346:12)
    at next (E:\New folder\Master-Server\TEXI\yatree-backend\node_modules\express\lib\router\index.js:280:10)
    at next (E:\New folder\Master-Server\TEXI\yatree-backend\node_modules\express\lib\router\route.js:141:14)
    at E:\New folder\Master-Server\TEXI\yatree-backend\src\app.js:127:16
    at Layer.handle [as handle_request] (E:\New folder\Master-Server\TEXI\yatree-backend\node_modules\express\lib\router\layer.js:95:5)
    at next (E:\New folder\Master-Server\TEXI\yatree-backend\node_modules\express\lib\router\route.js:149:13)
[2026-09-07T08:10:49.964Z] DEBUG: getAllVehicles - Query: {"$or":[{"company":"698ac8b01587e01651a49443"},{"company":"698ac8b01587e01651a49443"}],"isOutsideCar":{"$ne":true},"company":"698ac8b01587e01651a49443","status":"active"}
[2026-09-07T08:10:49.990Z] GLOBAL_ERROR: Not Found - /api/leads/company/698ac8b01587e01651a49443 - Stack: Error: Not Found - /api/leads/company/698ac8b01587e01651a49443
    at notFound (E:\New folder\Master-Server\TEXI\yatree-backend\src\middleware\errorMiddleware.js:2:19)
    at Layer.handle [as handle_request] (E:\New folder\Master-Server\TEXI\yatree-backend\node_modules\express\lib\router\layer.js:95:5)
    at trim_prefix (E:\New folder\Master-Server\TEXI\yatree-backend\node_modules\express\lib\router\index.js:328:13)
    at E:\New folder\Master-Server\TEXI\yatree-backend\node_modules\express\lib\router\index.js:286:9
    at Function.process_params (E:\New folder\Master-Server\TEXI\yatree-backend\node_modules\express\lib\router\index.js:346:12)
    at next (E:\New folder\Master-Server\TEXI\yatree-backend\node_modules\express\lib\router\index.js:280:10)
    at next (E:\New folder\Master-Server\TEXI\yatree-backend\node_modules\express\lib\router\route.js:141:14)
    at E:\New folder\Master-Server\TEXI\yatree-backend\src\app.js:127:16
    at Layer.handle [as handle_request] (E:\New folder\Master-Server\TEXI\yatree-backend\node_modules\express\lib\router\layer.js:95:5)
    at next (E:\New folder\Master-Server\TEXI\yatree-backend\node_modules\express\lib\router\route.js:149:13)
[2026-09-07T08:10:51.258Z] DEBUG: getAllVehicles - Query: {"$or":[{"company":"698ac8b01587e01651a49443"},{"company":"698ac8b01587e01651a49443"}],"isOutsideCar":{"$ne":true},"company":"698ac8b01587e01651a49443","status":"active"}
[2026-09-07T08:10:51.275Z] GLOBAL_ERROR: Not Found - /api/leads/company/698ac8b01587e01651a49443 - Stack: Error: Not Found - /api/leads/company/698ac8b01587e01651a49443
    at notFound (E:\New folder\Master-Server\TEXI\yatree-backend\src\middleware\errorMiddleware.js:2:19)
    at Layer.handle [as handle_request] (E:\New folder\Master-Server\TEXI\yatree-backend\node_modules\express\lib\router\layer.js:95:5)
    at trim_prefix (E:\New folder\Master-Server\TEXI\yatree-backend\node_modules\express\lib\router\index.js:328:13)
    at E:\New folder\Master-Server\TEXI\yatree-backend\node_modules\express\lib\router\index.js:286:9
    at Function.process_params (E:\New folder\Master-Server\TEXI\yatree-backend\node_modules\express\lib\router\index.js:346:12)
    at next (E:\New folder\Master-Server\TEXI\yatree-backend\node_modules\express\lib\router\index.js:280:10)
    at next (E:\New folder\Master-Server\TEXI\yatree-backend\node_modules\express\lib\router\route.js:141:14)
    at E:\New folder\Master-Server\TEXI\yatree-backend\src\app.js:127:16
    at Layer.handle [as handle_request] (E:\New folder\Master-Server\TEXI\yatree-backend\node_modules\express\lib\router\layer.js:95:5)
    at next (E:\New folder\Master-Server\TEXI\yatree-backend\node_modules\express\lib\router\route.js:149:13)
[2026-09-07T08:10:51.733Z] DEBUG: getAllVehicles - Query: {"$or":[{"company":"698ac8b01587e01651a49443"},{"company":"698ac8b01587e01651a49443"}],"isOutsideCar":{"$ne":true},"company":"698ac8b01587e01651a49443","status":"active"}
[2026-09-07T08:10:51.755Z] GLOBAL_ERROR: Not Found - /api/leads/company/698ac8b01587e01651a49443 - Stack: Error: Not Found - /api/leads/company/698ac8b01587e01651a49443
    at notFound (E:\New folder\Master-Server\TEXI\yatree-backend\src\middleware\errorMiddleware.js:2:19)
    at Layer.handle [as handle_request] (E:\New folder\Master-Server\TEXI\yatree-backend\node_modules\express\lib\router\layer.js:95:5)
    at trim_prefix (E:\New folder\Master-Server\TEXI\yatree-backend\node_modules\express\lib\router\index.js:328:13)
    at E:\New folder\Master-Server\TEXI\yatree-backend\node_modules\express\lib\router\index.js:286:9
    at Function.process_params (E:\New folder\Master-Server\TEXI\yatree-backend\node_modules\express\lib\router\index.js:346:12)
    at next (E:\New folder\Master-Server\TEXI\yatree-backend\node_modules\express\lib\router\index.js:280:10)
    at next (E:\New folder\Master-Server\TEXI\yatree-backend\node_modules\express\lib\router\route.js:141:14)
    at E:\New folder\Master-Server\TEXI\yatree-backend\src\app.js:127:16
    at Layer.handle [as handle_request] (E:\New folder\Master-Server\TEXI\yatree-backend\node_modules\express\lib\router\layer.js:95:5)
    at next (E:\New folder\Master-Server\TEXI\yatree-backend\node_modules\express\lib\router\route.js:149:13)
[2026-09-07T08:10:52.311Z] DEBUG: getAllVehicles - Query: {"$or":[{"company":"698ac8b01587e01651a49443"},{"company":"698ac8b01587e01651a49443"}],"isOutsideCar":{"$ne":true},"company":"698ac8b01587e01651a49443","status":"active"}
[2026-09-07T08:10:52.360Z] GLOBAL_ERROR: Not Found - /api/leads/company/698ac8b01587e01651a49443 - Stack: Error: Not Found - /api/leads/company/698ac8b01587e01651a49443
    at notFound (E:\New folder\Master-Server\TEXI\yatree-backend\src\middleware\errorMiddleware.js:2:19)
    at Layer.handle [as handle_request] (E:\New folder\Master-Server\TEXI\yatree-backend\node_modules\express\lib\router\layer.js:95:5)
    at trim_prefix (E:\New folder\Master-Server\TEXI\yatree-backend\node_modules\express\lib\router\index.js:328:13)
    at E:\New folder\Master-Server\TEXI\yatree-backend\node_modules\express\lib\router\index.js:286:9
    at Function.process_params (E:\New folder\Master-Server\TEXI\yatree-backend\node_modules\express\lib\router\index.js:346:12)
    at next (E:\New folder\Master-Server\TEXI\yatree-backend\node_modules\express\lib\router\index.js:280:10)
    at next (E:\New folder\Master-Server\TEXI\yatree-backend\node_modules\express\lib\router\route.js:141:14)
    at E:\New folder\Master-Server\TEXI\yatree-backend\src\app.js:127:16
    at Layer.handle [as handle_request] (E:\New folder\Master-Server\TEXI\yatree-backend\node_modules\express\lib\router\layer.js:95:5)
    at next (E:\New folder\Master-Server\TEXI\yatree-backend\node_modules\express\lib\router\route.js:149:13)
[2026-09-07T08:11:23.407Z] DEBUG: getAllVehicles - Query: {"$or":[{"company":"698ac8b01587e01651a49443"},{"company":"698ac8b01587e01651a49443"}],"isOutsideCar":{"$ne":true},"company":"698ac8b01587e01651a49443","status":"active"}
[2026-09-07T08:11:23.430Z] GLOBAL_ERROR: Not Found - /api/leads/company/698ac8b01587e01651a49443 - Stack: Error: Not Found - /api/leads/company/698ac8b01587e01651a49443
    at notFound (E:\New folder\Master-Server\TEXI\yatree-backend\src\middleware\errorMiddleware.js:2:19)
    at Layer.handle [as handle_request] (E:\New folder\Master-Server\TEXI\yatree-backend\node_modules\express\lib\router\layer.js:95:5)
    at trim_prefix (E:\New folder\Master-Server\TEXI\yatree-backend\node_modules\express\lib\router\index.js:328:13)
    at E:\New folder\Master-Server\TEXI\yatree-backend\node_modules\express\lib\router\index.js:286:9
    at Function.process_params (E:\New folder\Master-Server\TEXI\yatree-backend\node_modules\express\lib\router\index.js:346:12)
    at next (E:\New folder\Master-Server\TEXI\yatree-backend\node_modules\express\lib\router\index.js:280:10)
    at next (E:\New folder\Master-Server\TEXI\yatree-backend\node_modules\express\lib\router\route.js:141:14)
    at E:\New folder\Master-Server\TEXI\yatree-backend\src\app.js:127:16
    at Layer.handle [as handle_request] (E:\New folder\Master-Server\TEXI\yatree-backend\node_modules\express\lib\router\layer.js:95:5)
    at next (E:\New folder\Master-Server\TEXI\yatree-backend\node_modules\express\lib\router\route.js:149:13)
[2026-09-07T08:11:26.472Z] DEBUG: getAllVehicles - Query: {"$or":[{"company":"698ac8b01587e01651a49443"},{"company":"698ac8b01587e01651a49443"}],"isOutsideCar":{"$ne":true},"company":"698ac8b01587e01651a49443","status":"active"}
[2026-09-07T08:11:26.504Z] GLOBAL_ERROR: Not Found - /api/leads/company/698ac8b01587e01651a49443 - Stack: Error: Not Found - /api/leads/company/698ac8b01587e01651a49443
    at notFound (E:\New folder\Master-Server\TEXI\yatree-backend\src\middleware\errorMiddleware.js:2:19)
    at Layer.handle [as handle_request] (E:\New folder\Master-Server\TEXI\yatree-backend\node_modules\express\lib\router\layer.js:95:5)
    at trim_prefix (E:\New folder\Master-Server\TEXI\yatree-backend\node_modules\express\lib\router\index.js:328:13)
    at E:\New folder\Master-Server\TEXI\yatree-backend\node_modules\express\lib\router\index.js:286:9
    at Function.process_params (E:\New folder\Master-Server\TEXI\yatree-backend\node_modules\express\lib\router\index.js:346:12)
    at next (E:\New folder\Master-Server\TEXI\yatree-backend\node_modules\express\lib\router\index.js:280:10)
    at next (E:\New folder\Master-Server\TEXI\yatree-backend\node_modules\express\lib\router\route.js:141:14)
    at E:\New folder\Master-Server\TEXI\yatree-backend\src\app.js:127:16
    at Layer.handle [as handle_request] (E:\New folder\Master-Server\TEXI\yatree-backend\node_modules\express\lib\router\layer.js:95:5)
    at next (E:\New folder\Master-Server\TEXI\yatree-backend\node_modules\express\lib\router\route.js:149:13)
[2026-09-07T08:11:27.671Z] DEBUG: getAllVehicles - Query: {"$or":[{"company":"698ac8b01587e01651a49443"},{"company":"698ac8b01587e01651a49443"}],"isOutsideCar":{"$ne":true},"company":"698ac8b01587e01651a49443","status":"active"}
[2026-09-07T08:11:27.707Z] GLOBAL_ERROR: Not Found - /api/leads/company/698ac8b01587e01651a49443 - Stack: Error: Not Found - /api/leads/company/698ac8b01587e01651a49443
    at notFound (E:\New folder\Master-Server\TEXI\yatree-backend\src\middleware\errorMiddleware.js:2:19)
    at Layer.handle [as handle_request] (E:\New folder\Master-Server\TEXI\yatree-backend\node_modules\express\lib\router\layer.js:95:5)
    at trim_prefix (E:\New folder\Master-Server\TEXI\yatree-backend\node_modules\express\lib\router\index.js:328:13)
    at E:\New folder\Master-Server\TEXI\yatree-backend\node_modules\express\lib\router\index.js:286:9
    at Function.process_params (E:\New folder\Master-Server\TEXI\yatree-backend\node_modules\express\lib\router\index.js:346:12)
    at next (E:\New folder\Master-Server\TEXI\yatree-backend\node_modules\express\lib\router\index.js:280:10)
    at next (E:\New folder\Master-Server\TEXI\yatree-backend\node_modules\express\lib\router\route.js:141:14)
    at E:\New folder\Master-Server\TEXI\yatree-backend\src\app.js:127:16
    at Layer.handle [as handle_request] (E:\New folder\Master-Server\TEXI\yatree-backend\node_modules\express\lib\router\layer.js:95:5)
    at next (E:\New folder\Master-Server\TEXI\yatree-backend\node_modules\express\lib\router\route.js:149:13)
[2026-09-07T08:18:38.498Z] CRON: Cron Jobs Initialized
[2026-09-07T08:18:54.967Z] CRON: Cron Jobs Initialized
[2026-09-07T08:19:02.909Z] CRON: Cron Jobs Initialized
[2026-09-07T08:19:09.693Z] CRON: Cron Jobs Initialized
[2026-09-07T08:25:32.374Z] CRON: Cron Jobs Initialized
[2026-09-07T08:26:51.695Z] CRON: Cron Jobs Initialized
[2026-09-07T08:29:50.845Z] CRON: Cron Jobs Initialized
[2026-09-07T08:30:18.524Z] DEBUG: getAllVehicles - Query: {"$or":[{"company":"698ac8b01587e01651a49443"},{"company":"698ac8b01587e01651a49443"}],"isOutsideCar":{"$ne":true},"company":"698ac8b01587e01651a49443","status":"active"}
[2026-09-07T08:30:18.536Z] GLOBAL_ERROR: Not Found - /api/leads/company/698ac8b01587e01651a49443 - Stack: Error: Not Found - /api/leads/company/698ac8b01587e01651a49443
    at notFound (E:\New folder\Master-Server\TEXI\yatree-backend\src\middleware\errorMiddleware.js:2:19)
    at Layer.handle [as handle_request] (E:\New folder\Master-Server\TEXI\yatree-backend\node_modules\express\lib\router\layer.js:95:5)
    at trim_prefix (E:\New folder\Master-Server\TEXI\yatree-backend\node_modules\express\lib\router\index.js:328:13)
    at E:\New folder\Master-Server\TEXI\yatree-backend\node_modules\express\lib\router\index.js:286:9
    at Function.process_params (E:\New folder\Master-Server\TEXI\yatree-backend\node_modules\express\lib\router\index.js:346:12)
    at next (E:\New folder\Master-Server\TEXI\yatree-backend\node_modules\express\lib\router\index.js:280:10)
    at next (E:\New folder\Master-Server\TEXI\yatree-backend\node_modules\express\lib\router\route.js:141:14)
    at E:\New folder\Master-Server\TEXI\yatree-backend\src\app.js:129:16
    at Layer.handle [as handle_request] (E:\New folder\Master-Server\TEXI\yatree-backend\node_modules\express\lib\router\layer.js:95:5)
    at next (E:\New folder\Master-Server\TEXI\yatree-backend\node_modules\express\lib\router\route.js:149:13)
[2026-09-07T08:31:17.305Z] CRON: Cron Jobs Initialized
[2026-09-07T08:31:23.253Z] CRON: Cron Jobs Initialized
[2026-09-07T08:31:32.457Z] CRON: Cron Jobs Initialized
[2026-09-07T08:31:40.266Z] CRON: Cron Jobs Initialized
[2026-09-07T08:32:32.879Z] CRON: Cron Jobs Initialized
[2026-09-07T08:33:09.598Z] DEBUG: getAllVehicles - Query: {"$or":[{"company":"698ac8b01587e01651a49443"},{"company":"698ac8b01587e01651a49443"}],"isOutsideCar":{"$ne":true},"company":"698ac8b01587e01651a49443","status":"active"}
[2026-09-07T08:35:12.764Z] DEBUG: getAllVehicles - Query: {"$or":[{"company":"698ac8b01587e01651a49443"},{"company":"698ac8b01587e01651a49443"}],"isOutsideCar":{"$ne":true},"company":"698ac8b01587e01651a49443","status":"active"}
[2026-09-07T08:36:21.570Z] DEBUG: getAllVehicles - Query: {"$or":[{"company":"698ac8b01587e01651a49443"},{"company":"698ac8b01587e01651a49443"}],"isOutsideCar":{"$ne":true},"company":"698ac8b01587e01651a49443","status":"active"}
[2026-09-07T08:37:36.489Z] DEBUG: getAllVehicles - Query: {"$or":[{"company":"698ac8b01587e01651a49443"},{"company":"698ac8b01587e01651a49443"}],"isOutsideCar":{"$ne":true},"company":"698ac8b01587e01651a49443","status":"active"}
[2026-09-07T08:37:55.417Z] DEBUG: getAllVehicles - Query: {"$or":[{"company":"698ac8b01587e01651a49443"},{"company":"698ac8b01587e01651a49443"}],"isOutsideCar":{"$ne":true},"company":"698ac8b01587e01651a49443","status":"active"}
[2026-09-07T08:40:08.983Z] DEBUG: getAllVehicles - Query: {"$or":[{"company":"698ac8b01587e01651a49443"},{"company":"698ac8b01587e01651a49443"}],"isOutsideCar":{"$ne":true},"company":"698ac8b01587e01651a49443","status":"active"}
[2026-09-07T08:40:13.800Z] DEBUG: getAllVehicles - Query: {"$or":[{"company":"698ac8b01587e01651a49443"},{"company":"698ac8b01587e01651a49443"}],"isOutsideCar":{"$ne":true},"company":"698ac8b01587e01651a49443","status":"active"}
[2026-09-07T10:05:52.658Z] CRON: Cron Jobs Initialized
[2026-09-07T11:34:22.504Z] CRON: Cron Jobs Initialized
[2026-09-07T11:39:11.297Z] CRON: Cron Jobs Initialized
[2026-09-07T11:43:49.235Z] CRON: Cron Jobs Initialized
[2026-09-07T11:45:25.913Z] CRON: Cron Jobs Initialized
[2026-09-07T11:45:33.016Z] CRON: Cron Jobs Initialized
[2026-09-07T11:45:43.104Z] CRON: Cron Jobs Initialized
[2026-09-07T11:50:23.388Z] CRON: Cron Jobs Initialized
[2026-09-07T11:51:01.251Z] CRON: Cron Jobs Initialized
[2026-09-07T11:51:19.174Z] CRON: Cron Jobs Initialized
[2026-09-07T11:51:24.598Z] CRON: Cron Jobs Initialized
[2026-09-08T08:36:16.706Z] CRON: Cron Jobs Initialized
[2026-09-08T08:36:31.338Z] Login attempt started
[2026-09-08T08:36:31.340Z] Login request for: Kavishuser1
[2026-09-08T08:36:31.476Z] User found: Yatree (Role: Admin)
[2026-09-08T08:36:31.578Z] Match debug: receivedPwdLen=12, dbHashStart=$2a$10$SZI, isMatch=false
[2026-09-08T08:36:31.579Z] Invalid credentials
[2026-09-08T08:36:33.066Z] Login attempt started
[2026-09-08T08:36:33.068Z] Login request for: Kavishuser1
[2026-09-08T08:36:33.270Z] User found: Yatree (Role: Admin)
[2026-09-08T08:36:33.377Z] Match debug: receivedPwdLen=12, dbHashStart=$2a$10$SZI, isMatch=false
[2026-09-08T08:36:33.378Z] Invalid credentials
[2026-09-08T08:36:40.507Z] Login attempt started
[2026-09-08T08:36:40.509Z] Login request for: Kavishuser1
[2026-09-08T08:36:40.847Z] User found: Yatree (Role: Admin)
[2026-09-08T08:36:40.950Z] Match debug: receivedPwdLen=11, dbHashStart=$2a$10$SZI, isMatch=true
[2026-09-08T08:36:40.951Z] Password matched
[2026-09-08T08:36:40.952Z] DEBUG: Company status in DB is: "active" (Normalized: "active")
[2026-09-08T08:42:04.257Z] CRON: Cron Jobs Initialized
[2026-09-08T08:42:15.116Z] CRON: Cron Jobs Initialized
[2026-09-08T08:42:44.869Z] CRON: Cron Jobs Initialized
[2026-09-08T08:43:01.979Z] CRON: Cron Jobs Initialized
[2026-09-08T08:43:15.349Z] CRON: Cron Jobs Initialized
[2026-09-08T08:43:22.551Z] CRON: Cron Jobs Initialized
[2026-09-08T08:45:34.286Z] CRON: Cron Jobs Initialized
[2026-09-08T08:45:59.988Z] CRON: Cron Jobs Initialized
[2026-09-08T08:46:08.889Z] CRON: Cron Jobs Initialized
[2026-09-08T08:51:46.756Z] CRON: Cron Jobs Initialized
[2026-09-08T08:54:25.544Z] CRON: Cron Jobs Initialized
[2026-09-08T08:54:46.603Z] CRON: Cron Jobs Initialized
[2026-09-08T08:54:54.426Z] CRON: Cron Jobs Initialized
[2026-09-08T08:55:14.463Z] CRON: Cron Jobs Initialized
[2026-09-08T08:55:33.070Z] CRON: Cron Jobs Initialized
[2026-09-08T08:55:46.700Z] CRON: Cron Jobs Initialized
[2026-09-08T08:55:58.030Z] CRON: Cron Jobs Initialized
[2026-09-08T08:56:05.376Z] CRON: Cron Jobs Initialized
[2026-09-08T08:59:47.348Z] CRON: Cron Jobs Initialized
[2026-09-08T09:02:58.561Z] CRON: Cron Jobs Initialized
[2026-09-08T09:03:04.126Z] CRON: Cron Jobs Initialized
[2026-09-08T09:03:13.754Z] CRON: Cron Jobs Initialized
[2026-09-08T09:03:29.925Z] CRON: Cron Jobs Initialized
[2026-09-08T09:06:40.501Z] CRON: Cron Jobs Initialized
[2026-09-16T09:49:15.767Z] Login attempt started
[2026-09-16T09:49:15.777Z] Login request for: Kavishuser1
[2026-09-16T09:49:16.050Z] User found: Yatree (Role: Admin)
[2026-09-16T09:49:16.239Z] Match debug: receivedPwdLen=11, dbHashStart=$2a$10$SZI, isMatch=true
[2026-09-16T09:49:16.240Z] Password matched
[2026-09-16T09:49:16.242Z] DEBUG: Company status in DB is: "active" (Normalized: "active")
[2026-09-16T13:16:21.299Z] CRON: Cron Jobs Initialized
[2026-09-16T13:16:21.810Z] Login attempt started
[2026-09-16T13:16:21.810Z] Login request for: Kavishuser1
[2026-09-16T13:16:21.897Z] User found: Yatree (Role: Admin)
[2026-09-16T13:16:22.147Z] Match debug: receivedPwdLen=11, dbHashStart=$2a$10$SZI, isMatch=true
[2026-09-16T13:16:22.148Z] Password matched
[2026-09-16T13:16:22.149Z] DEBUG: Company status in DB is: "active" (Normalized: "active")
[2026-09-16T13:18:52.650Z] DEBUG: getAllVehicles - Query: {"$or":[{"company":"698ac8b01587e01651a49443"},{"company":"698ac8b01587e01651a49443"}],"isOutsideCar":{"$ne":true},"company":"698ac8b01587e01651a49443","status":"active"}
[2026-09-16T13:18:55.581Z] DEBUG: getAllVehicles - Query: {"$or":[{"company":"698ac8b01587e01651a49443"},{"company":"698ac8b01587e01651a49443"}],"isOutsideCar":{"$ne":true},"company":"698ac8b01587e01651a49443","status":"active"}
[2026-09-16T13:22:20.884Z] DEBUG: getAllVehicles - Query: {"$or":[{"company":"698ac8b01587e01651a49443"},{"company":"698ac8b01587e01651a49443"}],"isOutsideCar":{"$ne":true},"company":"698ac8b01587e01651a49443","status":"active"}
[2026-09-16T13:22:39.592Z] DEBUG: getAllVehicles - Query: {"$or":[{"company":"698ac8b01587e01651a49443"},{"company":"698ac8b01587e01651a49443"}],"isOutsideCar":{"$ne":true},"company":"698ac8b01587e01651a49443","status":"active"}
[2026-09-16T13:24:18.144Z] CRON: Cron Jobs Initialized
[2026-09-16T13:37:16.705Z] CRON: Cron Jobs Initialized
[2026-09-16T13:37:48.390Z] DEBUG: getAllVehicles - Query: {"$or":[{"company":"698ac8b01587e01651a49443"},{"company":"698ac8b01587e01651a49443"}],"isOutsideCar":{"$ne":true},"company":"698ac8b01587e01651a49443","status":"active"}
[2026-09-16T13:47:34.328Z] DEBUG: getAllVehicles - Query: {"$or":[{"company":"698ac8b01587e01651a49443"},{"company":"698ac8b01587e01651a49443"}],"isOutsideCar":{"$ne":true},"company":"698ac8b01587e01651a49443","status":"active"}
[2026-09-16T13:51:17.676Z] CRON: Cron Jobs Initialized
[2026-09-16T13:59:19.666Z] DEBUG: getAllVehicles - Query: {"$or":[{"company":"698ac8b01587e01651a49443"},{"company":"698ac8b01587e01651a49443"}],"isOutsideCar":{"$ne":true},"company":"698ac8b01587e01651a49443","status":"active"}
[2026-09-16T13:59:21.355Z] DEBUG: getAllVehicles - Query: {"$or":[{"company":"698ac8b01587e01651a49443"},{"company":"698ac8b01587e01651a49443"}],"isOutsideCar":{"$ne":true},"company":"698ac8b01587e01651a49443","status":"active"}
[2026-09-16T14:05:21.333Z] CRON: Cron Jobs Initialized
[2026-09-16T15:52:30.761Z] CRON: Cron Jobs Initialized
[2026-09-16T18:08:19.229Z] Login attempt started
[2026-09-16T18:08:19.232Z] Login request for: Kavishuser1
[2026-09-16T18:08:19.413Z] User found: Yatree (Role: Admin)
[2026-09-16T18:08:19.642Z] Match debug: receivedPwdLen=11, dbHashStart=$2a$10$SZI, isMatch=false
[2026-09-16T18:08:19.645Z] Invalid credentials
[2026-09-16T18:08:26.476Z] Login attempt started
[2026-09-16T18:08:26.477Z] Login request for: Kavishuser1
[2026-09-16T18:08:26.582Z] User found: Yatree (Role: Admin)
[2026-09-16T18:08:26.782Z] Match debug: receivedPwdLen=11, dbHashStart=$2a$10$SZI, isMatch=true
[2026-09-16T18:08:26.783Z] Password matched
[2026-09-16T18:08:26.783Z] DEBUG: Company status in DB is: "active" (Normalized: "active")
[2026-09-16T18:08:40.698Z] DEBUG: getAllVehicles - Query: {"$or":[{"company":"698ac8b01587e01651a49443"},{"company":"698ac8b01587e01651a49443"}],"isOutsideCar":{"$ne":true},"company":"698ac8b01587e01651a49443","status":"active"}
[2026-09-16T18:08:47.171Z] DEBUG: getAllVehicles - Query: {"$or":[{"company":"698ac8b01587e01651a49443"},{"company":"698ac8b01587e01651a49443"}],"isOutsideCar":{"$ne":true},"company":"698ac8b01587e01651a49443","status":"active"}
[2026-09-16T19:39:11.966Z] Login attempt started
[2026-09-16T19:39:11.968Z] Login request for: Kavishuser1
[2026-09-16T19:39:12.068Z] User found: Yatree (Role: Admin)
[2026-09-16T19:39:12.201Z] Match debug: receivedPwdLen=11, dbHashStart=$2a$10$SZI, isMatch=true
[2026-09-16T19:39:12.201Z] Password matched
[2026-09-16T19:39:12.202Z] DEBUG: Company status in DB is: "active" (Normalized: "active")
[2026-09-17T08:16:41.278Z] CRON: Cron Jobs Initialized
[2026-09-17T08:42:01.417Z] Login attempt started
[2026-09-17T08:42:01.418Z] Login request for: Kavishuser1
[2026-09-17T08:42:01.508Z] User found: Yatree (Role: Admin)
[2026-09-17T08:42:01.711Z] Match debug: receivedPwdLen=11, dbHashStart=$2a$10$SZI, isMatch=true
[2026-09-17T08:42:01.711Z] Password matched
[2026-09-17T08:42:01.712Z] DEBUG: Company status in DB is: "active" (Normalized: "active")
[2026-09-17T08:47:56.758Z] CRON: Cron Jobs Initialized
[2026-09-17T09:01:25.038Z] DEBUG: getAllVehicles - Query: {"$or":[{"company":"698ac8b01587e01651a49443"},{"company":"698ac8b01587e01651a49443"}],"isOutsideCar":{"$ne":true},"company":"698ac8b01587e01651a49443","status":"active"}
[2026-09-17T09:28:04.020Z] Login attempt started
[2026-09-17T09:28:04.020Z] Login request for: Kavishuser1
[2026-09-17T09:28:04.098Z] User found: Yatree (Role: Admin)
[2026-09-17T09:28:04.232Z] Match debug: receivedPwdLen=11, dbHashStart=$2a$10$SZI, isMatch=true
[2026-09-17T09:28:04.233Z] Password matched
[2026-09-17T09:28:04.233Z] DEBUG: Company status in DB is: "active" (Normalized: "active")
[2026-09-17T09:29:57.214Z] DEBUG: getAllVehicles - Query: {"$or":[{"company":"698ac8b01587e01651a49443"},{"company":"698ac8b01587e01651a49443"}],"isOutsideCar":{"$ne":true},"company":"698ac8b01587e01651a49443","status":"active"}
[2026-09-17T09:30:14.645Z] DEBUG: getAllVehicles - Query: {"$or":[{"company":"698ac8b01587e01651a49443"},{"company":"698ac8b01587e01651a49443"}],"isOutsideCar":{"$ne":true},"company":"698ac8b01587e01651a49443","status":"active"}
[2026-09-17T09:30:15.463Z] DEBUG: getAllVehicles - Query: {"$or":[{"company":"698ac8b01587e01651a49443"},{"company":"698ac8b01587e01651a49443"}],"isOutsideCar":{"$ne":true},"company":"698ac8b01587e01651a49443","status":"active"}
[2026-09-17T09:30:21.222Z] DEBUG: getAllVehicles - Query: {"$or":[{"company":"698ac8b01587e01651a49443"},{"company":"698ac8b01587e01651a49443"}],"isOutsideCar":{"$ne":true},"company":"698ac8b01587e01651a49443","status":"active"}
[2026-09-17T09:30:28.576Z] DEBUG: getAllVehicles - Query: {"$or":[{"company":"698ac8b01587e01651a49443"},{"company":"698ac8b01587e01651a49443"}],"isOutsideCar":{"$ne":true},"company":"698ac8b01587e01651a49443","status":"active"}
[2026-09-17T09:30:36.871Z] DEBUG: getAllVehicles - Query: {"$or":[{"company":"698ac8b01587e01651a49443"},{"company":"698ac8b01587e01651a49443"}],"isOutsideCar":{"$ne":true},"company":"698ac8b01587e01651a49443","status":"active"}
[2026-09-17T09:30:58.617Z] DEBUG: getAllVehicles - Query: {"$or":[{"company":"698ac8b01587e01651a49443"},{"company":"698ac8b01587e01651a49443"}],"isOutsideCar":{"$ne":true},"company":"698ac8b01587e01651a49443","status":"active"}
[2026-09-17T10:25:00.587Z] Login attempt started
[2026-09-17T10:25:00.588Z] Login request for: Kavishuser1
[2026-09-17T10:25:00.633Z] User found: Yatree (Role: Admin)
[2026-09-17T10:25:00.790Z] Match debug: receivedPwdLen=11, dbHashStart=$2a$10$SZI, isMatch=true
[2026-09-17T10:25:00.790Z] Password matched
[2026-09-17T10:25:00.790Z] DEBUG: Company status in DB is: "active" (Normalized: "active")
[2026-09-17T10:25:05.875Z] DEBUG: getAllVehicles - Query: {"$or":[{"company":"698ac8b01587e01651a49443"},{"company":"698ac8b01587e01651a49443"}],"isOutsideCar":{"$ne":true},"company":"698ac8b01587e01651a49443","status":"active"}
[2026-09-17T10:25:33.929Z] DEBUG: getAllVehicles - Query: {"$or":[{"company":"698ac8b01587e01651a49443"},{"company":"698ac8b01587e01651a49443"}],"isOutsideCar":{"$ne":true},"company":"698ac8b01587e01651a49443","status":"active"}
[2026-09-18T05:16:08.204Z] CRON: Cron Jobs Initialized
[2026-09-18T05:18:15.083Z] Login attempt started
[2026-09-18T05:18:15.083Z] Login request for: Kavishuser1
[2026-09-18T05:18:15.319Z] User found: Yatree (Role: Admin)
[2026-09-18T05:18:15.486Z] Match debug: receivedPwdLen=11, dbHashStart=$2a$10$SZI, isMatch=true
[2026-09-18T05:18:15.486Z] Password matched
[2026-09-18T05:18:15.487Z] DEBUG: Company status in DB is: "active" (Normalized: "active")
[2026-09-18T05:18:26.111Z] DEBUG: getAllVehicles - Query: {"$or":[{"company":"698ac8b01587e01651a49443"},{"company":"698ac8b01587e01651a49443"}],"isOutsideCar":{"$ne":true},"company":"698ac8b01587e01651a49443","status":"active"}
[2026-09-18T05:19:58.999Z] DEBUG: getAllVehicles - Query: {"$or":[{"company":"698ac8b01587e01651a49443"},{"company":"698ac8b01587e01651a49443"}],"isOutsideCar":{"$ne":true},"company":"698ac8b01587e01651a49443","status":"active"}
[2026-09-18T05:19:59.237Z] DEBUG: getAllVehicles - Query: {"$or":[{"company":"698ac8b01587e01651a49443"},{"company":"698ac8b01587e01651a49443"}],"isOutsideCar":{"$ne":true},"company":"698ac8b01587e01651a49443","status":"active"}
[2026-09-18T05:20:05.091Z] DEBUG: getAllVehicles - Query: {"$or":[{"company":"698ac8b01587e01651a49443"},{"company":"698ac8b01587e01651a49443"}],"isOutsideCar":{"$ne":true},"company":"698ac8b01587e01651a49443","status":"active"}
[2026-09-18T05:20:24.402Z] DEBUG: getAllVehicles - Query: {"$or":[{"company":"698ac8b01587e01651a49443"},{"company":"698ac8b01587e01651a49443"}],"isOutsideCar":{"$ne":true},"company":"698ac8b01587e01651a49443","status":"active"}
[2026-09-18T05:20:29.793Z] DEBUG: getAllVehicles - Query: {"$or":[{"company":"698ac8b01587e01651a49443"},{"company":"698ac8b01587e01651a49443"}],"isOutsideCar":{"$ne":true},"company":"698ac8b01587e01651a49443","status":"active"}
[2026-09-18T05:22:08.550Z] DEBUG: getAllVehicles - Query: {"$or":[{"company":"698ac8b01587e01651a49443"},{"company":"698ac8b01587e01651a49443"}],"isOutsideCar":{"$ne":true},"company":"698ac8b01587e01651a49443","status":"active"}
[2026-09-18T05:22:15.018Z] DEBUG: getAllVehicles - Query: {"$or":[{"company":"698ac8b01587e01651a49443"},{"company":"698ac8b01587e01651a49443"}],"isOutsideCar":{"$ne":true},"company":"698ac8b01587e01651a49443","status":"active"}
[2026-09-18T05:24:24.778Z] DEBUG: getAllVehicles - Query: {"$or":[{"company":"698ac8b01587e01651a49443"},{"company":"698ac8b01587e01651a49443"}],"isOutsideCar":{"$ne":true},"company":"698ac8b01587e01651a49443","status":"active"}
[2026-09-18T05:25:00.703Z] DEBUG: getAllVehicles - Query: {"$or":[{"company":"698ac8b01587e01651a49443"},{"company":"698ac8b01587e01651a49443"}],"isOutsideCar":{"$ne":true},"company":"698ac8b01587e01651a49443","status":"active"}
[2026-09-18T05:31:53.494Z] DEBUG: getAllVehicles - Query: {"$or":[{"company":"698ac8b01587e01651a49443"},{"company":"698ac8b01587e01651a49443"}],"isOutsideCar":{"$ne":true},"company":"698ac8b01587e01651a49443","status":"active"}
[2026-09-18T05:32:08.710Z] DEBUG: getAllVehicles - Query: {"$or":[{"company":"698ac8b01587e01651a49443"},{"company":"698ac8b01587e01651a49443"}],"isOutsideCar":{"$ne":true},"company":"698ac8b01587e01651a49443","status":"active"}
[2026-09-18T05:32:12.085Z] DEBUG: getAllVehicles - Query: {"$or":[{"company":"698ac8b01587e01651a49443"},{"company":"698ac8b01587e01651a49443"}],"isOutsideCar":{"$ne":true},"company":"698ac8b01587e01651a49443","status":"active"}
[2026-09-18T05:32:19.061Z] DEBUG: getAllVehicles - Query: {"$or":[{"company":"698ac8b01587e01651a49443"},{"company":"698ac8b01587e01651a49443"}],"isOutsideCar":{"$ne":true},"company":"698ac8b01587e01651a49443","status":"active"}
[2026-09-18T05:34:08.466Z] DEBUG: getAllVehicles - Query: {"$or":[{"company":"698ac8b01587e01651a49443"},{"company":"698ac8b01587e01651a49443"}],"isOutsideCar":{"$ne":true},"company":"698ac8b01587e01651a49443","status":"active"}
[2026-09-18T05:34:44.394Z] DEBUG: getAllVehicles - Query: {"$or":[{"company":"698ac8b01587e01651a49443"},{"company":"698ac8b01587e01651a49443"}],"isOutsideCar":{"$ne":true},"company":"698ac8b01587e01651a49443","status":"active"}
[2026-09-18T05:35:12.432Z] DEBUG: getAllVehicles - Query: {"$or":[{"company":"698ac8b01587e01651a49443"},{"company":"698ac8b01587e01651a49443"}],"isOutsideCar":{"$ne":true},"company":"698ac8b01587e01651a49443","status":"active"}
[2026-09-18T05:35:18.746Z] Login attempt started
[2026-09-18T05:35:18.746Z] Login request for: undefined
[2026-09-18T05:35:18.747Z] Login Exception: Cannot read properties of undefined (reading 'trim') 
Stack: TypeError: Cannot read properties of undefined (reading 'trim')
    at loginUser (E:\New folder\Master-Server\TEXI\yatree-backend\src\controllers\authController.js:72:34)
    at Layer.handle [as handle_request] (E:\New folder\Master-Server\TEXI\yatree-backend\node_modules\express\lib\router\layer.js:95:5)
    at next (E:\New folder\Master-Server\TEXI\yatree-backend\node_modules\express\lib\router\route.js:149:13)
    at Route.dispatch (E:\New folder\Master-Server\TEXI\yatree-backend\node_modules\express\lib\router\route.js:119:3)
    at Layer.handle [as handle_request] (E:\New folder\Master-Server\TEXI\yatree-backend\node_modules\express\lib\router\layer.js:95:5)
    at E:\New folder\Master-Server\TEXI\yatree-backend\node_modules\express\lib\router\index.js:284:15
    at Function.process_params (E:\New folder\Master-Server\TEXI\yatree-backend\node_modules\express\lib\router\index.js:346:12)
    at next (E:\New folder\Master-Server\TEXI\yatree-backend\node_modules\express\lib\router\index.js:280:10)
    at Function.handle (E:\New folder\Master-Server\TEXI\yatree-backend\node_modules\express\lib\router\index.js:175:3)
    at router (E:\New folder\Master-Server\TEXI\yatree-backend\node_modules\express\lib\router\index.js:47:12)
[2026-09-18T05:35:23.580Z] Login attempt started
[2026-09-18T05:35:23.581Z] Login request for: undefined
[2026-09-18T05:35:23.581Z] Login Exception: Cannot read properties of undefined (reading 'trim') 
Stack: TypeError: Cannot read properties of undefined (reading 'trim')
    at loginUser (E:\New folder\Master-Server\TEXI\yatree-backend\src\controllers\authController.js:72:34)
    at Layer.handle [as handle_request] (E:\New folder\Master-Server\TEXI\yatree-backend\node_modules\express\lib\router\layer.js:95:5)
    at next (E:\New folder\Master-Server\TEXI\yatree-backend\node_modules\express\lib\router\route.js:149:13)
    at Route.dispatch (E:\New folder\Master-Server\TEXI\yatree-backend\node_modules\express\lib\router\route.js:119:3)
    at Layer.handle [as handle_request] (E:\New folder\Master-Server\TEXI\yatree-backend\node_modules\express\lib\router\layer.js:95:5)
    at E:\New folder\Master-Server\TEXI\yatree-backend\node_modules\express\lib\router\index.js:284:15
    at Function.process_params (E:\New folder\Master-Server\TEXI\yatree-backend\node_modules\express\lib\router\index.js:346:12)
    at next (E:\New folder\Master-Server\TEXI\yatree-backend\node_modules\express\lib\router\index.js:280:10)
    at Function.handle (E:\New folder\Master-Server\TEXI\yatree-backend\node_modules\express\lib\router\index.js:175:3)
    at router (E:\New folder\Master-Server\TEXI\yatree-backend\node_modules\express\lib\router\index.js:47:12)
[2026-09-18T05:36:29.155Z] CRON: Cron Jobs Initialized
[2026-09-18T05:38:11.162Z] Login attempt started
[2026-09-18T05:38:11.162Z] Login request for: Kavishuser1
[2026-09-18T05:38:11.236Z] User found: Yatree (Role: Admin)
[2026-09-18T05:38:11.350Z] Match debug: receivedPwdLen=11, dbHashStart=$2a$10$SZI, isMatch=false
[2026-09-18T05:38:11.350Z] Invalid credentials
[2026-09-18T05:38:43.377Z] Login attempt started
[2026-09-18T05:38:43.377Z] Login request for: 1234512345
[2026-09-18T05:38:43.426Z] User found: Yatree (Role: Admin)
[2026-09-18T05:38:43.483Z] Match debug: receivedPwdLen=11, dbHashStart=$2a$10$SZI, isMatch=false
[2026-09-18T05:38:43.484Z] Invalid credentials
[2026-09-18T05:39:48.418Z] DEBUG: getAllVehicles - Query: {"$or":[{"company":"698ac8b01587e01651a49443"},{"company":"698ac8b01587e01651a49443"}],"isOutsideCar":{"$ne":true},"company":"698ac8b01587e01651a49443","status":"active"}
[2026-09-18T05:40:07.344Z] DEBUG: getAllVehicles - Query: {"$or":[{"company":"698ac8b01587e01651a49443"},{"company":"698ac8b01587e01651a49443"}],"isOutsideCar":{"$ne":true},"company":"698ac8b01587e01651a49443","status":"active"}
[2026-09-18T05:40:26.353Z] DEBUG: getAllVehicles - Query: {"$or":[{"company":"698ac8b01587e01651a49443"},{"company":"698ac8b01587e01651a49443"}],"isOutsideCar":{"$ne":true},"company":"698ac8b01587e01651a49443","status":"active"}
[2026-09-18T05:40:31.156Z] DEBUG: getAllVehicles - Query: {"$or":[{"company":"698ac8b01587e01651a49443"},{"company":"698ac8b01587e01651a49443"}],"isOutsideCar":{"$ne":true},"company":"698ac8b01587e01651a49443","status":"active"}
[2026-09-18T05:40:54.384Z] DEBUG: getAllVehicles - Query: {"$or":[{"company":"698ac8b01587e01651a49443"},{"company":"698ac8b01587e01651a49443"}],"isOutsideCar":{"$ne":true},"company":"698ac8b01587e01651a49443","status":"active"}
[2026-09-18T05:42:53.312Z] DEBUG: getAllVehicles - Query: {"$or":[{"company":"698ac8b01587e01651a49443"},{"company":"698ac8b01587e01651a49443"}],"isOutsideCar":{"$ne":true},"company":"698ac8b01587e01651a49443","status":"active"}
[2026-09-18T05:43:51.946Z] DEBUG: getAllVehicles - Query: {"$or":[{"company":"698ac8b01587e01651a49443"},{"company":"698ac8b01587e01651a49443"}],"isOutsideCar":{"$ne":true},"company":"698ac8b01587e01651a49443","status":"active"}
[2026-09-18T05:44:39.093Z] DEBUG: getAllVehicles - Query: {"$or":[{"company":"698ac8b01587e01651a49443"},{"company":"698ac8b01587e01651a49443"}],"isOutsideCar":{"$ne":true},"company":"698ac8b01587e01651a49443","status":"active"}
[2026-09-18T05:45:33.929Z] DEBUG: getAllVehicles - Query: {"$or":[{"company":"698ac8b01587e01651a49443"},{"company":"698ac8b01587e01651a49443"}],"isOutsideCar":{"$ne":true},"company":"698ac8b01587e01651a49443","status":"active"}
[2026-09-18T05:46:22.806Z] DEBUG: getAllVehicles - Query: {"$or":[{"company":"698ac8b01587e01651a49443"},{"company":"698ac8b01587e01651a49443"}],"isOutsideCar":{"$ne":true},"company":"698ac8b01587e01651a49443","status":"active"}
[2026-09-18T05:46:48.016Z] DEBUG: getAllVehicles - Query: {"$or":[{"company":"698ac8b01587e01651a49443"},{"company":"698ac8b01587e01651a49443"}],"isOutsideCar":{"$ne":true},"company":"698ac8b01587e01651a49443","status":"active"}
[2026-09-18T05:47:13.119Z] DEBUG: getAllVehicles - Query: {"$or":[{"company":"698ac8b01587e01651a49443"},{"company":"698ac8b01587e01651a49443"}],"isOutsideCar":{"$ne":true},"company":"698ac8b01587e01651a49443","status":"active"}
[2026-09-18T05:50:37.219Z] DEBUG: getAllVehicles - Query: {"$or":[{"company":"698ac8b01587e01651a49443"},{"company":"698ac8b01587e01651a49443"}],"isOutsideCar":{"$ne":true},"company":"698ac8b01587e01651a49443","status":"active"}
[2026-09-18T05:52:50.007Z] CRON: Cron Jobs Initialized
[2026-09-18T05:53:33.088Z] DEBUG: getAllVehicles - Query: {"$or":[{"company":"698ac8b01587e01651a49443"},{"company":"698ac8b01587e01651a49443"}],"isOutsideCar":{"$ne":true},"company":"698ac8b01587e01651a49443","status":"active"}
[2026-09-18T05:53:34.983Z] DEBUG: getAllVehicles - Query: {"$or":[{"company":"698ac8b01587e01651a49443"},{"company":"698ac8b01587e01651a49443"}],"isOutsideCar":{"$ne":true},"company":"698ac8b01587e01651a49443","status":"active"}
[2026-09-18T05:54:05.137Z] DEBUG: getAllVehicles - Query: {"$or":[{"company":"698ac8b01587e01651a49443"},{"company":"698ac8b01587e01651a49443"}],"isOutsideCar":{"$ne":true},"company":"698ac8b01587e01651a49443","status":"active"}
[2026-09-18T05:54:08.921Z] DEBUG: getAllVehicles - Query: {"$or":[{"company":"698ac8b01587e01651a49443"},{"company":"698ac8b01587e01651a49443"}],"isOutsideCar":{"$ne":true},"company":"698ac8b01587e01651a49443","status":"active"}
[2026-09-18T05:54:10.725Z] DEBUG: getAllVehicles - Query: {"$or":[{"company":"698ac8b01587e01651a49443"},{"company":"698ac8b01587e01651a49443"}],"isOutsideCar":{"$ne":true},"company":"698ac8b01587e01651a49443","status":"active"}
[2026-09-18T06:06:53.775Z] DEBUG: getAllVehicles - Query: {"$or":[{"company":"698ac8b01587e01651a49443"},{"company":"698ac8b01587e01651a49443"}],"isOutsideCar":{"$ne":true},"company":"698ac8b01587e01651a49443","status":"active"}
[2026-09-18T06:09:17.398Z] DEBUG: getAllVehicles - Query: {"$or":[{"company":"698ac8b01587e01651a49443"},{"company":"698ac8b01587e01651a49443"}],"isOutsideCar":{"$ne":true},"company":"698ac8b01587e01651a49443","status":"active"}
[2026-09-18T06:09:22.774Z] DEBUG: getAllVehicles - Query: {"$or":[{"company":"698ac8b01587e01651a49443"},{"company":"698ac8b01587e01651a49443"}],"isOutsideCar":{"$ne":true},"company":"698ac8b01587e01651a49443","status":"active"}
[2026-09-18T06:28:46.125Z] DEBUG: getAllVehicles - Query: {"$or":[{"company":"698ac8b01587e01651a49443"},{"company":"698ac8b01587e01651a49443"}],"isOutsideCar":{"$ne":true},"company":"698ac8b01587e01651a49443","status":"active"}
[2026-09-18T06:28:46.387Z] DEBUG: getAllVehicles - Query: {"$or":[{"company":"698ac8b01587e01651a49443"},{"company":"698ac8b01587e01651a49443"}],"isOutsideCar":{"$ne":true},"company":"698ac8b01587e01651a49443","status":"active"}
[2026-09-18T06:28:55.139Z] DEBUG: getAllVehicles - Query: {"$or":[{"company":"698ac8b01587e01651a49443"},{"company":"698ac8b01587e01651a49443"}],"isOutsideCar":{"$ne":true},"company":"698ac8b01587e01651a49443","status":"active"}
[2026-09-18T06:29:19.914Z] DEBUG: getAllVehicles - Query: {"$or":[{"company":"698ac8b01587e01651a49443"},{"company":"698ac8b01587e01651a49443"}],"isOutsideCar":{"$ne":true},"company":"698ac8b01587e01651a49443","status":"active"}
[2026-09-18T06:29:26.074Z] DEBUG: getAllVehicles - Query: {"$or":[{"company":"698ac8b01587e01651a49443"},{"company":"698ac8b01587e01651a49443"}],"isOutsideCar":{"$ne":true},"company":"698ac8b01587e01651a49443","status":"active"}
[2026-09-18T06:30:07.118Z] DEBUG: getAllVehicles - Query: {"$or":[{"company":"698ac8b01587e01651a49443"},{"company":"698ac8b01587e01651a49443"}],"isOutsideCar":{"$ne":true},"company":"698ac8b01587e01651a49443","status":"active"}
[2026-09-18T06:33:10.158Z] DEBUG: getAllVehicles - Query: {"$or":[{"company":"698ac8b01587e01651a49443"},{"company":"698ac8b01587e01651a49443"}],"isOutsideCar":true,"vehicleSource":{"$ne":"Fleet"},"company":"698ac8b01587e01651a49443"}
[2026-09-18T06:33:11.289Z] DEBUG: getAllVehicles - Query: {"$or":[{"company":"698ac8b01587e01651a49443"},{"company":"698ac8b01587e01651a49443"}],"isOutsideCar":{"$ne":true},"company":"698ac8b01587e01651a49443","status":"active"}
[2026-09-18T06:33:21.822Z] DEBUG: getAllVehicles - Query: {"$or":[{"company":"698ac8b01587e01651a49443"},{"company":"698ac8b01587e01651a49443"}],"isOutsideCar":true,"company":"698ac8b01587e01651a49443","status":"active"}
[2026-09-18T06:33:21.835Z] DEBUG: getAllVehicles - Query: {"$or":[{"company":"698ac8b01587e01651a49443"},{"company":"698ac8b01587e01651a49443"}],"isOutsideCar":{"$ne":true},"company":"698ac8b01587e01651a49443","status":"active"}
[2026-09-18T06:33:21.847Z] DEBUG: getAllVehicles - Query: {"$or":[{"company":"698ac8b01587e01651a49443"},{"company":"698ac8b01587e01651a49443"}],"isOutsideCar":true,"createdAt":{"$gte":"2026-04-01T00:00:00.000Z","$lte":"2027-03-31T23:59:59.000Z"},"company":"698ac8b01587e01651a49443","status":"active"}
[2026-09-18T06:33:22.172Z] DEBUG: getAllVehicles - Query: {"$or":[{"company":"698ac8b01587e01651a49443"},{"company":"698ac8b01587e01651a49443"}],"isOutsideCar":{"$ne":true},"company":"698ac8b01587e01651a49443","status":"active"}
[2026-09-18T06:33:23.528Z] DEBUG: getAllVehicles - Query: {"$or":[{"company":"698ac8b01587e01651a49443"},{"company":"698ac8b01587e01651a49443"}],"isOutsideCar":{"$ne":true},"company":"698ac8b01587e01651a49443","status":"active"}
[2026-09-18T06:33:23.533Z] DEBUG: getAllVehicles - Query: {"$or":[{"company":"698ac8b01587e01651a49443"},{"company":"698ac8b01587e01651a49443"}],"isOutsideCar":true,"createdAt":{"$gte":"2026-04-01T00:00:00.000Z","$lte":"2027-03-31T23:59:59.000Z"},"company":"698ac8b01587e01651a49443","status":"active"}
[2026-09-18T06:33:24.519Z] DEBUG: getAllVehicles - Query: {"$or":[{"company":"698ac8b01587e01651a49443"},{"company":"698ac8b01587e01651a49443"}],"isOutsideCar":true,"createdAt":{"$gte":"2026-04-01T00:00:00.000Z","$lte":"2027-03-31T23:59:59.000Z"},"company":"698ac8b01587e01651a49443","status":"active"}
[2026-09-18T06:33:24.555Z] DEBUG: getAllVehicles - Query: {"$or":[{"company":"698ac8b01587e01651a49443"},{"company":"698ac8b01587e01651a49443"}],"isOutsideCar":{"$ne":true},"company":"698ac8b01587e01651a49443","status":"active"}
[2026-09-18T06:33:36.413Z] DEBUG: getAllVehicles - Query: {"$or":[{"company":"698ac8b01587e01651a49443"},{"company":"698ac8b01587e01651a49443"}],"isOutsideCar":{"$ne":true},"company":"698ac8b01587e01651a49443","status":"active"}
[2026-09-18T06:38:20.576Z] DEBUG: getAllVehicles - Query: {"$or":[{"company":"698ac8b01587e01651a49443"},{"company":"698ac8b01587e01651a49443"}],"isOutsideCar":{"$ne":true},"company":"698ac8b01587e01651a49443","status":"active"}
[2026-09-18T06:39:07.362Z] DEBUG: getAllVehicles - Query: {"$or":[{"company":"698ac8b01587e01651a49443"},{"company":"698ac8b01587e01651a49443"}],"isOutsideCar":{"$ne":true},"company":"698ac8b01587e01651a49443","status":"active"}
[2026-09-18T06:39:34.066Z] CRON: Cron Jobs Initialized
[2026-09-18T06:39:47.698Z] DEBUG: getAllVehicles - Query: {"$or":[{"company":"698ac8b01587e01651a49443"},{"company":"698ac8b01587e01651a49443"}],"isOutsideCar":{"$ne":true},"company":"698ac8b01587e01651a49443","status":"active"}
[2026-09-18T06:40:23.572Z] GLOBAL_ERROR: Not Found - /api/health - Stack: Error: Not Found - /api/health
    at notFound (E:\New folder\Master-Server\TEXI\yatree-backend\src\middleware\errorMiddleware.js:2:19)
    at Layer.handle [as handle_request] (E:\New folder\Master-Server\TEXI\yatree-backend\node_modules\express\lib\router\layer.js:95:5)
    at trim_prefix (E:\New folder\Master-Server\TEXI\yatree-backend\node_modules\express\lib\router\index.js:328:13)
    at E:\New folder\Master-Server\TEXI\yatree-backend\node_modules\express\lib\router\index.js:286:9
    at Function.process_params (E:\New folder\Master-Server\TEXI\yatree-backend\node_modules\express\lib\router\index.js:346:12)
    at next (E:\New folder\Master-Server\TEXI\yatree-backend\node_modules\express\lib\router\index.js:280:10)
    at next (E:\New folder\Master-Server\TEXI\yatree-backend\node_modules\express\lib\router\route.js:141:14)
    at E:\New folder\Master-Server\TEXI\yatree-backend\src\app.js:139:16
    at Layer.handle [as handle_request] (E:\New folder\Master-Server\TEXI\yatree-backend\node_modules\express\lib\router\layer.js:95:5)
    at next (E:\New folder\Master-Server\TEXI\yatree-backend\node_modules\express\lib\router\route.js:149:13)
[2026-09-18T06:44:41.639Z] CRON: Cron Jobs Initialized
[2026-09-18T06:44:53.633Z] DEBUG: getAllVehicles - Query: {"$or":[{"company":"698ac8b01587e01651a49443"},{"company":"698ac8b01587e01651a49443"}],"isOutsideCar":{"$ne":true},"company":"698ac8b01587e01651a49443","status":"active"}
[2026-09-18T06:45:51.643Z] DEBUG: getAllVehicles - Query: {"$or":[{"company":"698ac8b01587e01651a49443"},{"company":"698ac8b01587e01651a49443"}],"isOutsideCar":{"$ne":true},"company":"698ac8b01587e01651a49443","status":"active"}
[2026-09-18T06:46:27.622Z] DEBUG: getAllVehicles - Query: {"$or":[{"company":"698ac8b01587e01651a49443"},{"company":"698ac8b01587e01651a49443"}],"isOutsideCar":{"$ne":true},"company":"698ac8b01587e01651a49443","status":"active"}
[2026-09-18T06:46:46.156Z] DEBUG: getAllVehicles - Query: {"$or":[{"company":"698ac8b01587e01651a49443"},{"company":"698ac8b01587e01651a49443"}],"isOutsideCar":{"$ne":true},"company":"698ac8b01587e01651a49443","status":"active"}
[2026-09-18T06:51:11.102Z] CRON: Cron Jobs Initialized
[2026-09-18T06:51:28.442Z] DEBUG: getAllVehicles - Query: {"$or":[{"company":"698ac8b01587e01651a49443"},{"company":"698ac8b01587e01651a49443"}],"isOutsideCar":{"$ne":true},"company":"698ac8b01587e01651a49443","status":"active"}
[2026-09-18T06:51:30.951Z] DEBUG: getAllVehicles - Query: {"$or":[{"company":"698ac8b01587e01651a49443"},{"company":"698ac8b01587e01651a49443"}],"isOutsideCar":{"$ne":true},"company":"698ac8b01587e01651a49443","status":"active"}
[2026-09-18T06:52:05.338Z] DEBUG: getAllVehicles - Query: {"$or":[{"company":"698ac8b01587e01651a49443"},{"company":"698ac8b01587e01651a49443"}],"isOutsideCar":{"$ne":true},"company":"698ac8b01587e01651a49443","status":"active"}
[2026-09-18T06:52:08.848Z] DEBUG: getAllVehicles - Query: {"$or":[{"company":"698ac8b01587e01651a49443"},{"company":"698ac8b01587e01651a49443"}],"isOutsideCar":{"$ne":true},"company":"698ac8b01587e01651a49443","status":"active"}
[2026-09-18T06:59:13.813Z] DEBUG: getAllVehicles - Query: {"$or":[{"company":"698ac8b01587e01651a49443"},{"company":"698ac8b01587e01651a49443"}],"isOutsideCar":{"$ne":true},"company":"698ac8b01587e01651a49443","status":"active"}
[2026-09-18T06:59:14.279Z] DEBUG: getAllVehicles - Query: {"$or":[{"company":"698ac8b01587e01651a49443"},{"company":"698ac8b01587e01651a49443"}],"isOutsideCar":{"$ne":true},"company":"698ac8b01587e01651a49443","status":"active"}
[2026-09-18T07:03:21.474Z] CRON: Cron Jobs Initialized
[2026-09-18T07:05:48.747Z] DEBUG: getAllVehicles - Query: {"$or":[{"company":"698ac8b01587e01651a49443"},{"company":"698ac8b01587e01651a49443"}],"isOutsideCar":{"$ne":true},"company":"698ac8b01587e01651a49443","status":"active"}
[2026-09-18T07:15:30.327Z] CRON: Cron Jobs Initialized
[2026-09-18T07:42:13.648Z] Login attempt started
[2026-09-18T07:42:13.649Z] Login request for: Kavishuser1
[2026-09-18T07:42:13.810Z] User found: Yatree (Role: Admin)
[2026-09-18T07:42:14.042Z] Match debug: receivedPwdLen=11, dbHashStart=$2a$10$SZI, isMatch=true
[2026-09-18T07:42:14.043Z] Password matched
[2026-09-18T07:42:14.043Z] DEBUG: Company status in DB is: "active" (Normalized: "active")
[2026-09-18T07:50:01.062Z] DEBUG: getAllVehicles - Query: {"$or":[{"company":"698ac8b01587e01651a49443"},{"company":"698ac8b01587e01651a49443"}],"isOutsideCar":{"$ne":true},"company":"698ac8b01587e01651a49443","status":"active"}
[2026-09-18T07:50:03.999Z] DEBUG: getAllVehicles - Query: {"$or":[{"company":"698ac8b01587e01651a49443"},{"company":"698ac8b01587e01651a49443"}],"isOutsideCar":{"$ne":true},"company":"698ac8b01587e01651a49443","status":"active"}
[2026-09-18T07:51:32.821Z] DEBUG: getAllVehicles - Query: {"$or":[{"company":"698ac8b01587e01651a49443"},{"company":"698ac8b01587e01651a49443"}],"isOutsideCar":{"$ne":true},"company":"698ac8b01587e01651a49443","status":"active"}
[2026-09-18T08:48:59.604Z] Login attempt started
[2026-09-18T08:48:59.605Z] Login request for: Kavishuser1
[2026-09-18T08:48:59.843Z] User found: Yatree (Role: Admin)
[2026-09-18T08:48:59.956Z] Match debug: receivedPwdLen=11, dbHashStart=$2a$10$SZI, isMatch=true
[2026-09-18T08:48:59.957Z] Password matched
[2026-09-18T08:48:59.957Z] DEBUG: Company status in DB is: "active" (Normalized: "active")
[2026-09-18T08:49:10.118Z] DEBUG: getAllVehicles - Query: {"$or":[{"company":"698ac8b01587e01651a49443"},{"company":"698ac8b01587e01651a49443"}],"isOutsideCar":{"$ne":true},"company":"698ac8b01587e01651a49443","status":"active"}
[2026-09-18T08:49:13.519Z] DEBUG: getAllVehicles - Query: {"$or":[{"company":"698ac8b01587e01651a49443"},{"company":"698ac8b01587e01651a49443"}],"isOutsideCar":{"$ne":true},"company":"698ac8b01587e01651a49443","status":"active"}
[2026-09-18T08:49:23.394Z] DEBUG: getAllVehicles - Query: {"$or":[{"company":"698ac8b01587e01651a49443"},{"company":"698ac8b01587e01651a49443"}],"isOutsideCar":{"$ne":true},"company":"698ac8b01587e01651a49443","status":"active"}
[2026-09-18T08:49:23.745Z] DEBUG: getAllVehicles - Query: {"$or":[{"company":"698ac8b01587e01651a49443"},{"company":"698ac8b01587e01651a49443"}],"isOutsideCar":true,"vehicleSource":{"$ne":"Fleet"},"company":"698ac8b01587e01651a49443"}
[2026-09-18T08:49:23.789Z] DEBUG: getAllVehicles - Query: {"$or":[{"company":"698ac8b01587e01651a49443"},{"company":"698ac8b01587e01651a49443"}],"isOutsideCar":{"$ne":true},"company":"698ac8b01587e01651a49443","status":"active"}
[2026-09-18T08:49:24.689Z] DEBUG: getAllVehicles - Query: {"$or":[{"company":"698ac8b01587e01651a49443"},{"company":"698ac8b01587e01651a49443"}],"isOutsideCar":true,"vehicleSource":{"$ne":"Fleet"},"company":"698ac8b01587e01651a49443"}
[2026-09-18T08:49:40.463Z] DEBUG: getAllVehicles - Query: {"$or":[{"company":"698ac8b01587e01651a49443"},{"company":"698ac8b01587e01651a49443"}],"isOutsideCar":{"$ne":true},"company":"698ac8b01587e01651a49443","status":"active"}
[2026-09-18T08:49:43.312Z] GLOBAL_ERROR: Not Found - /api/drs/698ac8b01587e01651a49443/by-vehicle?vehicleNumber=RJ27TB0160&date=2026-09-18 - Stack: Error: Not Found - /api/drs/698ac8b01587e01651a49443/by-vehicle?vehicleNumber=RJ27TB0160&date=2026-09-18
    at notFound (E:\New folder\Master-Server\TEXI\yatree-backend\src\middleware\errorMiddleware.js:2:19)
    at Layer.handle [as handle_request] (E:\New folder\Master-Server\TEXI\yatree-backend\node_modules\express\lib\router\layer.js:95:5)
    at trim_prefix (E:\New folder\Master-Server\TEXI\yatree-backend\node_modules\express\lib\router\index.js:328:13)
    at E:\New folder\Master-Server\TEXI\yatree-backend\node_modules\express\lib\router\index.js:286:9
    at Function.process_params (E:\New folder\Master-Server\TEXI\yatree-backend\node_modules\express\lib\router\index.js:346:12)
    at next (E:\New folder\Master-Server\TEXI\yatree-backend\node_modules\express\lib\router\index.js:280:10)
    at next (E:\New folder\Master-Server\TEXI\yatree-backend\node_modules\express\lib\router\route.js:141:14)
    at E:\New folder\Master-Server\TEXI\yatree-backend\src\app.js:139:16
    at Layer.handle [as handle_request] (E:\New folder\Master-Server\TEXI\yatree-backend\node_modules\express\lib\router\layer.js:95:5)
    at next (E:\New folder\Master-Server\TEXI\yatree-backend\node_modules\express\lib\router\route.js:149:13)
[2026-09-18T08:50:02.116Z] DEBUG: getAllVehicles - Query: {"$or":[{"company":"698ac8b01587e01651a49443"},{"company":"698ac8b01587e01651a49443"}],"isOutsideCar":{"$ne":true},"company":"698ac8b01587e01651a49443","status":"active"}
[2026-09-18T09:07:48.685Z] Login attempt started
[2026-09-18T09:07:48.687Z] Login request for: Kavishuser1
[2026-09-18T09:07:48.816Z] User found: Yatree (Role: Admin)
[2026-09-18T09:07:48.910Z] Match debug: receivedPwdLen=11, dbHashStart=$2a$10$SZI, isMatch=true
[2026-09-18T09:07:48.911Z] Password matched
[2026-09-18T09:07:48.911Z] DEBUG: Company status in DB is: "active" (Normalized: "active")
[2026-09-18T09:28:21.577Z] CRON: Cron Jobs Initialized
[2026-09-18T09:28:32.707Z] DEBUG: getAllVehicles - Query: {"$or":[{"company":"698ac8b01587e01651a49443"},{"company":"698ac8b01587e01651a49443"}],"isOutsideCar":{"$ne":true},"company":"698ac8b01587e01651a49443","status":"active"}
[2026-09-18T09:28:34.259Z] DEBUG: getAllVehicles - Query: {"$or":[{"company":"698ac8b01587e01651a49443"},{"company":"698ac8b01587e01651a49443"}],"isOutsideCar":{"$ne":true},"company":"698ac8b01587e01651a49443","status":"active"}
[2026-09-18T09:28:43.114Z] Login attempt started
[2026-09-18T09:28:43.114Z] Login request for: Kavishuser1
[2026-09-18T09:28:43.336Z] User found: Yatree (Role: Admin)
[2026-09-18T09:28:43.502Z] Match debug: receivedPwdLen=11, dbHashStart=$2a$10$SZI, isMatch=true
[2026-09-18T09:28:43.502Z] Password matched
[2026-09-18T09:28:43.502Z] DEBUG: Company status in DB is: "active" (Normalized: "active")
[2026-09-18T09:28:45.945Z] DEBUG: getAllVehicles - Query: {"$or":[{"company":"698ac8b01587e01651a49443"},{"company":"698ac8b01587e01651a49443"}],"isOutsideCar":{"$ne":true},"company":"698ac8b01587e01651a49443","status":"active"}
[2026-09-18T09:28:54.771Z] Login attempt started
[2026-09-18T09:28:54.772Z] Login request for: Kavishuser1
[2026-09-18T09:28:55.010Z] User found: Yatree (Role: Admin)
[2026-09-18T09:28:55.155Z] Match debug: receivedPwdLen=11, dbHashStart=$2a$10$SZI, isMatch=true
[2026-09-18T09:28:55.156Z] Password matched
[2026-09-18T09:28:55.156Z] DEBUG: Company status in DB is: "active" (Normalized: "active")
[2026-09-18T09:28:59.415Z] DEBUG: getAllVehicles - Query: {"$or":[{"company":"698ac8b01587e01651a49443"},{"company":"698ac8b01587e01651a49443"}],"isOutsideCar":{"$ne":true},"company":"698ac8b01587e01651a49443","status":"active"}
[2026-09-18T09:32:35.840Z] Login attempt started
[2026-09-18T09:32:35.840Z] Login request for: Kavishuser1
[2026-09-18T09:32:36.097Z] User found: Yatree (Role: Admin)
[2026-09-18T09:32:36.242Z] Match debug: receivedPwdLen=11, dbHashStart=$2a$10$SZI, isMatch=true
[2026-09-18T09:32:36.242Z] Password matched
[2026-09-18T09:32:36.243Z] DEBUG: Company status in DB is: "active" (Normalized: "active")
[2026-09-18T09:32:52.945Z] DEBUG: getAllVehicles - Query: {"$or":[{"company":"698ac8b01587e01651a49443"},{"company":"698ac8b01587e01651a49443"}],"isOutsideCar":{"$ne":true},"company":"698ac8b01587e01651a49443","status":"active"}
[2026-09-18T09:32:56.169Z] DEBUG: getAllVehicles - Query: {"$or":[{"company":"698ac8b01587e01651a49443"},{"company":"698ac8b01587e01651a49443"}],"isOutsideCar":{"$ne":true},"company":"698ac8b01587e01651a49443","status":"active"}
[2026-09-18T09:33:02.388Z] DEBUG: getAllVehicles - Query: {"$or":[{"company":"698ac8b01587e01651a49443"},{"company":"698ac8b01587e01651a49443"}],"isOutsideCar":{"$ne":true},"company":"698ac8b01587e01651a49443","status":"active"}
[2026-09-18T09:34:40.358Z] CRON: Cron Jobs Initialized
[2026-09-18T09:34:42.511Z] Login attempt started
[2026-09-18T09:34:42.511Z] Login request for: Kavishuser1
[2026-09-18T09:34:42.626Z] User found: Yatree (Role: Admin)
[2026-09-18T09:34:42.815Z] Match debug: receivedPwdLen=11, dbHashStart=$2a$10$SZI, isMatch=true
[2026-09-18T09:34:42.815Z] Password matched
[2026-09-18T09:34:42.816Z] DEBUG: Company status in DB is: "active" (Normalized: "active")
[2026-09-18T09:34:46.164Z] DEBUG: getAllVehicles - Query: {"$or":[{"company":"698ac8b01587e01651a49443"},{"company":"698ac8b01587e01651a49443"}],"isOutsideCar":{"$ne":true},"company":"698ac8b01587e01651a49443","status":"active"}
[2026-09-18T09:34:53.827Z] DEBUG: getAllVehicles - Query: {"$or":[{"company":"698ac8b01587e01651a49443"},{"company":"698ac8b01587e01651a49443"}],"isOutsideCar":{"$ne":true},"company":"698ac8b01587e01651a49443","status":"active"}
[2026-09-18T09:35:36.580Z] DEBUG: getAllVehicles - Query: {"$or":[{"company":"698ac8b01587e01651a49443"},{"company":"698ac8b01587e01651a49443"}],"isOutsideCar":{"$ne":true},"company":"698ac8b01587e01651a49443","status":"active"}
[2026-09-18T09:35:36.871Z] DEBUG: getAllVehicles - Query: {"$or":[{"company":"698ac8b01587e01651a49443"},{"company":"698ac8b01587e01651a49443"}],"isOutsideCar":true,"vehicleSource":{"$ne":"Fleet"},"company":"698ac8b01587e01651a49443"}
[2026-09-18T09:35:36.873Z] DEBUG: getAllVehicles - Query: {"$or":[{"company":"698ac8b01587e01651a49443"},{"company":"698ac8b01587e01651a49443"}],"isOutsideCar":{"$ne":true},"company":"698ac8b01587e01651a49443","status":"active"}
[2026-09-18T09:35:40.556Z] DEBUG: getAllVehicles - Query: {"$or":[{"company":"698ac8b01587e01651a49443"},{"company":"698ac8b01587e01651a49443"}],"isOutsideCar":true,"vehicleSource":{"$ne":"Fleet"},"company":"698ac8b01587e01651a49443"}
[2026-09-18T09:35:45.727Z] DEBUG: getAllVehicles - Query: {"$or":[{"company":"698ac8b01587e01651a49443"},{"company":"698ac8b01587e01651a49443"}],"isOutsideCar":{"$ne":true},"company":"698ac8b01587e01651a49443","status":"active"}
[2026-09-18T09:35:56.396Z] DEBUG: getAllVehicles - Query: {"$or":[{"company":"698ac8b01587e01651a49443"},{"company":"698ac8b01587e01651a49443"}],"isOutsideCar":{"$ne":true},"company":"698ac8b01587e01651a49443","status":"active"}
[2026-09-18T09:36:00.699Z] DEBUG: getAllVehicles - Query: {"$or":[{"company":"698ac8b01587e01651a49443"},{"company":"698ac8b01587e01651a49443"}],"isOutsideCar":{"$ne":true},"company":"698ac8b01587e01651a49443","status":"active"}
[2026-09-18T09:48:28.175Z] CRON: Cron Jobs Initialized
[2026-09-18T09:54:32.870Z] DEBUG: getAllVehicles - Query: {"$or":[{"company":"698ac8b01587e01651a49443"},{"company":"698ac8b01587e01651a49443"}],"isOutsideCar":{"$ne":true},"company":"698ac8b01587e01651a49443","status":"active"}
[2026-09-18T09:59:41.589Z] CRON: Cron Jobs Initialized
[2026-09-18T10:02:17.034Z] DEBUG: getAllVehicles - Query: {"$or":[{"company":"698ac8b01587e01651a49443"},{"company":"698ac8b01587e01651a49443"}],"isOutsideCar":{"$ne":true},"company":"698ac8b01587e01651a49443","status":"active"}
[2026-09-18T10:03:26.035Z] DEBUG: getAllVehicles - Query: {"$or":[{"company":"698ac8b01587e01651a49443"},{"company":"698ac8b01587e01651a49443"}],"isOutsideCar":{"$ne":true},"company":"698ac8b01587e01651a49443","status":"active"}
[2026-09-18T10:03:29.322Z] DEBUG: getAllVehicles - Query: {"$or":[{"company":"698ac8b01587e01651a49443"},{"company":"698ac8b01587e01651a49443"}],"isOutsideCar":{"$ne":true},"company":"698ac8b01587e01651a49443","status":"active"}
[2026-09-18T10:03:35.787Z] DEBUG: getAllVehicles - Query: {"$or":[{"company":"698ac8b01587e01651a49443"},{"company":"698ac8b01587e01651a49443"}],"isOutsideCar":{"$ne":true},"company":"698ac8b01587e01651a49443","status":"active"}
[2026-09-18T10:05:27.570Z] DEBUG: getAllVehicles - Query: {"$or":[{"company":"698ac8b01587e01651a49443"},{"company":"698ac8b01587e01651a49443"}],"isOutsideCar":{"$ne":true},"company":"698ac8b01587e01651a49443","status":"active"}
[2026-09-18T10:07:48.056Z] CRON: Cron Jobs Initialized
[2026-09-18T10:08:01.039Z] DEBUG: getAllVehicles - Query: {"$or":[{"company":"698ac8b01587e01651a49443"},{"company":"698ac8b01587e01651a49443"}],"isOutsideCar":{"$ne":true},"company":"698ac8b01587e01651a49443","status":"active"}
[2026-09-18T10:28:54.146Z] CRON: Cron Jobs Initialized
[2026-09-18T10:55:46.460Z] Login attempt started
[2026-09-18T10:55:46.462Z] Login request for: Kavishuser1
[2026-09-18T10:55:46.614Z] User found: Yatree (Role: Admin)
[2026-09-18T10:55:46.793Z] Match debug: receivedPwdLen=11, dbHashStart=$2a$10$SZI, isMatch=true
[2026-09-18T10:55:46.793Z] Password matched
[2026-09-18T10:55:46.793Z] DEBUG: Company status in DB is: "active" (Normalized: "active")
[2026-09-18T11:02:27.480Z] CRON: Cron Jobs Initialized
[2026-09-18T11:11:06.494Z] CRON: Cron Jobs Initialized
[2026-09-18T11:16:20.909Z] CRON: Cron Jobs Initialized
[2026-09-18T11:37:34.586Z] CRON: Cron Jobs Initialized
[2026-09-18T11:38:09.059Z] Login attempt started
[2026-09-18T11:38:09.059Z] Login request for: Kavishuser1
[2026-09-18T11:38:09.132Z] User found: Yatree (Role: Admin)
[2026-09-18T11:38:09.303Z] Match debug: receivedPwdLen=11, dbHashStart=$2a$10$SZI, isMatch=true
[2026-09-18T11:38:09.303Z] Password matched
[2026-09-18T11:38:09.304Z] DEBUG: Company status in DB is: "active" (Normalized: "active")
[2026-09-18T11:39:03.370Z] DEBUG: getAllVehicles - Query: {"$or":[{"company":"698ac8b01587e01651a49443"},{"company":"698ac8b01587e01651a49443"}],"isOutsideCar":{"$ne":true},"company":"698ac8b01587e01651a49443","status":"active"}
[2026-09-18T11:39:06.659Z] DEBUG: getAllVehicles - Query: {"$or":[{"company":"698ac8b01587e01651a49443"},{"company":"698ac8b01587e01651a49443"}],"isOutsideCar":{"$ne":true},"company":"698ac8b01587e01651a49443","status":"active"}
[2026-09-18T11:42:26.624Z] DEBUG: getAllVehicles - Query: {"$or":[{"company":"698ac8b01587e01651a49443"},{"company":"698ac8b01587e01651a49443"}],"isOutsideCar":{"$ne":true},"company":"698ac8b01587e01651a49443","status":"active"}
[2026-09-18T11:44:14.727Z] DEBUG: getAllVehicles - Query: {"$or":[{"company":"698ac8b01587e01651a49443"},{"company":"698ac8b01587e01651a49443"}],"isOutsideCar":{"$ne":true},"company":"698ac8b01587e01651a49443","status":"active"}
[2026-09-18T11:45:42.142Z] DEBUG: getAllVehicles - Query: {"$or":[{"company":"698ac8b01587e01651a49443"},{"company":"698ac8b01587e01651a49443"}],"isOutsideCar":{"$ne":true},"company":"698ac8b01587e01651a49443","status":"active"}
[2026-09-18T11:46:16.140Z] DEBUG: getAllVehicles - Query: {"$or":[{"company":"698ac8b01587e01651a49443"},{"company":"698ac8b01587e01651a49443"}],"isOutsideCar":{"$ne":true},"company":"698ac8b01587e01651a49443","status":"active"}
[2026-09-18T11:46:39.290Z] DEBUG: getAllVehicles - Query: {"$or":[{"company":"698ac8b01587e01651a49443"},{"company":"698ac8b01587e01651a49443"}],"isOutsideCar":{"$ne":true},"company":"698ac8b01587e01651a49443","status":"active"}
[2026-09-18T11:46:40.438Z] DEBUG: getAllVehicles - Query: {"$or":[{"company":"698ac8b01587e01651a49443"},{"company":"698ac8b01587e01651a49443"}],"isOutsideCar":{"$ne":true},"company":"698ac8b01587e01651a49443","status":"active"}
[2026-09-18T11:47:28.022Z] DEBUG: getAllVehicles - Query: {"$or":[{"company":"698ac8b01587e01651a49443"},{"company":"698ac8b01587e01651a49443"}],"isOutsideCar":{"$ne":true},"company":"698ac8b01587e01651a49443","status":"active"}
[2026-09-18T11:50:54.035Z] DEBUG: getAllVehicles - Query: {"$or":[{"company":"698ac8b01587e01651a49443"},{"company":"698ac8b01587e01651a49443"}],"isOutsideCar":{"$ne":true},"company":"698ac8b01587e01651a49443","status":"active"}
[2026-09-18T11:50:59.988Z] DEBUG: getAllVehicles - Query: {"$or":[{"company":"698ac8b01587e01651a49443"},{"company":"698ac8b01587e01651a49443"}],"isOutsideCar":{"$ne":true},"company":"698ac8b01587e01651a49443","status":"active"}
[2026-09-18T11:53:42.345Z] DEBUG: getAllVehicles - Query: {"$or":[{"company":"698ac8b01587e01651a49443"},{"company":"698ac8b01587e01651a49443"}],"isOutsideCar":{"$ne":true},"company":"698ac8b01587e01651a49443","status":"active"}
[2026-09-18T11:53:58.862Z] DEBUG: getAllVehicles - Query: {"$or":[{"company":"698ac8b01587e01651a49443"},{"company":"698ac8b01587e01651a49443"}],"isOutsideCar":{"$ne":true},"company":"698ac8b01587e01651a49443","status":"active"}
[2026-09-18T11:55:58.934Z] DEBUG: getAllVehicles - Query: {"$or":[{"company":"698ac8b01587e01651a49443"},{"company":"698ac8b01587e01651a49443"}],"isOutsideCar":{"$ne":true},"company":"698ac8b01587e01651a49443","status":"active"}
[2026-09-18T11:57:28.916Z] CRON: Cron Jobs Initialized
[2026-09-18T11:57:50.066Z] DEBUG: getAllVehicles - Query: {"$or":[{"company":"698ac8b01587e01651a49443"},{"company":"698ac8b01587e01651a49443"}],"isOutsideCar":{"$ne":true},"company":"698ac8b01587e01651a49443","status":"active"}
[2026-09-18T11:58:43.358Z] DEBUG: getAllVehicles - Query: {"$or":[{"company":"698ac8b01587e01651a49443"},{"company":"698ac8b01587e01651a49443"}],"isOutsideCar":{"$ne":true},"company":"698ac8b01587e01651a49443","status":"active"}
[2026-09-18T11:59:10.813Z] DEBUG: getAllVehicles - Query: {"$or":[{"company":"698ac8b01587e01651a49443"},{"company":"698ac8b01587e01651a49443"}],"isOutsideCar":{"$ne":true},"company":"698ac8b01587e01651a49443","status":"active"}
[2026-09-18T12:07:21.705Z] DEBUG: getAllVehicles - Query: {"$or":[{"company":"698ac8b01587e01651a49443"},{"company":"698ac8b01587e01651a49443"}],"isOutsideCar":{"$ne":true},"company":"698ac8b01587e01651a49443","status":"active"}
[2026-09-18T12:13:39.943Z] DEBUG: getAllVehicles - Query: {"$or":[{"company":"698ac8b01587e01651a49443"},{"company":"698ac8b01587e01651a49443"}],"isOutsideCar":{"$ne":true},"company":"698ac8b01587e01651a49443","status":"active"}
[2026-09-18T20:20:16.598Z] CRON: Cron Jobs Initialized
[2026-09-18T20:28:12.231Z] CRON: Cron Jobs Initialized
[2026-09-18T20:35:48.323Z] CRON: Cron Jobs Initialized
[2026-09-18T20:51:02.323Z] Login attempt started
[2026-09-18T20:51:02.324Z] Login request for: Kavishuser1
[2026-09-18T20:51:03.414Z] User found: Yatree (Role: Admin)
[2026-09-18T20:51:03.612Z] Match debug: receivedPwdLen=11, dbHashStart=$2a$10$SZI, isMatch=true
[2026-09-18T20:51:03.612Z] Password matched
[2026-09-18T20:51:03.613Z] DEBUG: Company status in DB is: "active" (Normalized: "active")
[2026-09-18T20:51:07.897Z] DEBUG: getAllVehicles - Query: {"$or":[{"company":"698ac8b01587e01651a49443"},{"company":"698ac8b01587e01651a49443"}],"isOutsideCar":{"$ne":true},"company":"698ac8b01587e01651a49443","status":"active"}
[2026-09-18T20:51:24.176Z] DEBUG: getAllVehicles - Query: {"$or":[{"company":"698ac8b01587e01651a49443"},{"company":"698ac8b01587e01651a49443"}],"isOutsideCar":{"$ne":true},"company":"698ac8b01587e01651a49443","status":"active"}
[2026-09-18T20:51:28.861Z] DEBUG: getAllVehicles - Query: {"$or":[{"company":"698ac8b01587e01651a49443"},{"company":"698ac8b01587e01651a49443"}],"isOutsideCar":{"$ne":true},"company":"698ac8b01587e01651a49443","status":"active"}
[2026-09-18T20:52:22.600Z] DEBUG: getAllVehicles - Query: {"$or":[{"company":"698ac8b01587e01651a49443"},{"company":"698ac8b01587e01651a49443"}],"isOutsideCar":{"$ne":true},"company":"698ac8b01587e01651a49443","status":"active"}
[2026-09-18T20:53:26.755Z] DEBUG: getAllVehicles - Query: {"$or":[{"company":"698ac8b01587e01651a49443"},{"company":"698ac8b01587e01651a49443"}],"isOutsideCar":{"$ne":true},"company":"698ac8b01587e01651a49443","status":"active"}
[2026-09-18T20:54:33.441Z] DEBUG: getAllVehicles - Query: {"$or":[{"company":"698ac8b01587e01651a49443"},{"company":"698ac8b01587e01651a49443"}],"isOutsideCar":{"$ne":true},"company":"698ac8b01587e01651a49443","status":"active"}
[2026-09-18T20:55:00.457Z] DEBUG: getAllVehicles - Query: {"$or":[{"company":"698ac8b01587e01651a49443"},{"company":"698ac8b01587e01651a49443"}],"isOutsideCar":{"$ne":true},"company":"698ac8b01587e01651a49443","status":"active"}
[2026-09-18T20:55:06.576Z] DEBUG: getAllVehicles - Query: {"$or":[{"company":"698ac8b01587e01651a49443"},{"company":"698ac8b01587e01651a49443"}],"isOutsideCar":{"$ne":true},"company":"698ac8b01587e01651a49443","status":"active"}
[2026-09-18T20:57:07.549Z] DEBUG: getAllVehicles - Query: {"$or":[{"company":"698ac8b01587e01651a49443"},{"company":"698ac8b01587e01651a49443"}],"isOutsideCar":{"$ne":true},"company":"698ac8b01587e01651a49443","status":"active"}
[2026-09-18T20:57:18.295Z] DEBUG: getAllVehicles - Query: {"$or":[{"company":"698ac8b01587e01651a49443"},{"company":"698ac8b01587e01651a49443"}],"isOutsideCar":{"$ne":true},"company":"698ac8b01587e01651a49443","status":"active"}
[2026-09-18T20:57:20.570Z] DEBUG: getAllVehicles - Query: {"$or":[{"company":"698ac8b01587e01651a49443"},{"company":"698ac8b01587e01651a49443"}],"isOutsideCar":{"$ne":true},"company":"698ac8b01587e01651a49443","status":"active"}
[2026-09-18T20:57:53.049Z] CRON: Cron Jobs Initialized
[2026-09-18T20:58:08.842Z] DEBUG: getAllVehicles - Query: {"$or":[{"company":"698ac8b01587e01651a49443"},{"company":"698ac8b01587e01651a49443"}],"isOutsideCar":{"$ne":true},"company":"698ac8b01587e01651a49443","status":"active"}
[2026-09-18T20:58:11.240Z] DEBUG: getAllVehicles - Query: {"$or":[{"company":"698ac8b01587e01651a49443"},{"company":"698ac8b01587e01651a49443"}],"isOutsideCar":{"$ne":true},"company":"698ac8b01587e01651a49443","status":"active"}
[2026-09-18T20:58:28.603Z] DEBUG: getAllVehicles - Query: {"$or":[{"company":"698ac8b01587e01651a49443"},{"company":"698ac8b01587e01651a49443"}],"isOutsideCar":{"$ne":true},"company":"698ac8b01587e01651a49443","status":"active"}
[2026-09-18T20:58:41.146Z] DEBUG: getAllVehicles - Query: {"$or":[{"company":"698ac8b01587e01651a49443"},{"company":"698ac8b01587e01651a49443"}],"isOutsideCar":{"$ne":true},"company":"698ac8b01587e01651a49443","status":"active"}
[2026-09-18T20:59:09.569Z] CRON: Cron Jobs Initialized
[2026-09-18T20:59:28.987Z] DEBUG: getAllVehicles - Query: {"$or":[{"company":"698ac8b01587e01651a49443"},{"company":"698ac8b01587e01651a49443"}],"isOutsideCar":{"$ne":true},"company":"698ac8b01587e01651a49443","status":"active"}
[2026-09-18T21:00:36.208Z] DEBUG: getAllVehicles - Query: {"$or":[{"company":"698ac8b01587e01651a49443"},{"company":"698ac8b01587e01651a49443"}],"isOutsideCar":{"$ne":true},"company":"698ac8b01587e01651a49443","status":"active"}
[2026-09-18T21:02:29.203Z] CRON: Cron Jobs Initialized
[2026-09-19T07:10:53.184Z] CRON: Cron Jobs Initialized
[2026-09-19T07:16:15.474Z] Login attempt started
[2026-09-19T07:16:15.475Z] Login request for: Kavishuser1
[2026-09-19T07:16:15.600Z] User found: Yatree (Role: Admin)
[2026-09-19T07:16:15.809Z] Match debug: receivedPwdLen=11, dbHashStart=$2a$10$SZI, isMatch=true
[2026-09-19T07:16:15.810Z] Password matched
[2026-09-19T07:16:15.811Z] DEBUG: Company status in DB is: "active" (Normalized: "active")
[2026-09-19T07:23:17.933Z] DEBUG: getAllVehicles - Query: {"$or":[{"company":"698ac8b01587e01651a49443"},{"company":"698ac8b01587e01651a49443"}],"isOutsideCar":{"$ne":true},"company":"698ac8b01587e01651a49443","status":"active"}
[2026-09-19T07:24:09.844Z] DEBUG: getAllVehicles - Query: {"$or":[{"company":"698ac8b01587e01651a49443"},{"company":"698ac8b01587e01651a49443"}],"isOutsideCar":{"$ne":true},"company":"698ac8b01587e01651a49443","status":"active"}
[2026-09-19T07:41:55.962Z] CRON: Cron Jobs Initialized
[2026-09-19T07:42:06.935Z] CRON: Cron Jobs Initialized
[2026-09-19T07:44:08.432Z] DEBUG: getAllVehicles - Query: {"$or":[{"company":"698ac8b01587e01651a49443"},{"company":"698ac8b01587e01651a49443"}],"isOutsideCar":{"$ne":true},"company":"698ac8b01587e01651a49443","status":"active"}
[2026-09-19T07:47:46.306Z] DEBUG: getAllVehicles - Query: {"$or":[{"company":"698ac8b01587e01651a49443"},{"company":"698ac8b01587e01651a49443"}],"isOutsideCar":{"$ne":true},"company":"698ac8b01587e01651a49443","status":"active"}
[2026-09-19T07:51:29.391Z] DEBUG: getAllVehicles - Query: {"$or":[{"company":"698ac8b01587e01651a49443"},{"company":"698ac8b01587e01651a49443"}],"isOutsideCar":{"$ne":true},"company":"698ac8b01587e01651a49443","status":"active"}
[2026-09-19T07:53:35.626Z] DEBUG: getAllVehicles - Query: {"$or":[{"company":"698ac8b01587e01651a49443"},{"company":"698ac8b01587e01651a49443"}],"isOutsideCar":{"$ne":true},"company":"698ac8b01587e01651a49443","status":"active"}
[2026-09-19T07:55:31.051Z] DEBUG: getAllVehicles - Query: {"$or":[{"company":"698ac8b01587e01651a49443"},{"company":"698ac8b01587e01651a49443"}],"isOutsideCar":{"$ne":true},"company":"698ac8b01587e01651a49443","status":"active"}
[2026-09-19T07:59:52.390Z] CRON: Cron Jobs Initialized
[2026-09-19T07:59:59.029Z] CRON: Cron Jobs Initialized
[2026-09-19T08:00:23.207Z] CRON: Cron Jobs Initialized
[2026-09-19T08:00:36.934Z] CRON: Cron Jobs Initialized
[2026-09-19T08:00:47.132Z] CRON: Cron Jobs Initialized
[2026-09-19T08:01:02.242Z] CRON: Cron Jobs Initialized
[2026-09-19T08:01:07.411Z] DEBUG: getAllVehicles - Query: {"$or":[{"company":"698ac8b01587e01651a49443"},{"company":"698ac8b01587e01651a49443"}],"isOutsideCar":{"$ne":true},"company":"698ac8b01587e01651a49443","status":"active"}
[2026-09-19T08:01:10.784Z] DEBUG: getAllVehicles - Query: {"$or":[{"company":"698ac8b01587e01651a49443"},{"company":"698ac8b01587e01651a49443"}],"isOutsideCar":{"$ne":true},"company":"698ac8b01587e01651a49443","status":"active"}
[2026-09-19T08:02:21.152Z] CRON: Cron Jobs Initialized
[2026-09-19T08:02:34.776Z] DEBUG: getAllVehicles - Query: {"$or":[{"company":"698ac8b01587e01651a49443"},{"company":"698ac8b01587e01651a49443"}],"isOutsideCar":{"$ne":true},"company":"698ac8b01587e01651a49443","status":"active"}
[2026-09-19T08:08:40.283Z] CRON: Cron Jobs Initialized
[2026-09-19T09:20:45.152Z] CRON: Cron Jobs Initialized
[2026-09-19T09:53:32.585Z] CRON: Cron Jobs Initialized
[2026-09-19T09:56:09.342Z] CRON: Cron Jobs Initialized
[2026-09-19T09:56:40.832Z] GLOBAL_ERROR: Not Found - /auth/login - Stack: Error: Not Found - /auth/login
    at notFound (E:\New folder\Master-Server\TEXI\yatree-backend\src\middleware\errorMiddleware.js:2:19)
    at Layer.handle [as handle_request] (E:\New folder\Master-Server\TEXI\yatree-backend\node_modules\express\lib\router\layer.js:95:5)
    at trim_prefix (E:\New folder\Master-Server\TEXI\yatree-backend\node_modules\express\lib\router\index.js:328:13)
    at E:\New folder\Master-Server\TEXI\yatree-backend\node_modules\express\lib\router\index.js:286:9
    at Function.process_params (E:\New folder\Master-Server\TEXI\yatree-backend\node_modules\express\lib\router\index.js:346:12)
    at next (E:\New folder\Master-Server\TEXI\yatree-backend\node_modules\express\lib\router\index.js:280:10)
    at serveStatic (E:\New folder\Master-Server\TEXI\yatree-backend\node_modules\serve-static\index.js:75:16)
    at Layer.handle [as handle_request] (E:\New folder\Master-Server\TEXI\yatree-backend\node_modules\express\lib\router\layer.js:95:5)
    at trim_prefix (E:\New folder\Master-Server\TEXI\yatree-backend\node_modules\express\lib\router\index.js:328:13)
    at E:\New folder\Master-Server\TEXI\yatree-backend\node_modules\express\lib\router\index.js:286:9
[2026-09-19T09:58:15.012Z] Login attempt started
[2026-09-19T09:58:15.013Z] Login request for: Test100
[2026-09-19T09:58:15.042Z] Login failed: User [Test100] not found in standard lookup.
[2026-09-19T09:58:15.122Z] [SSO] User not found in Main Fleet DB. Checking other CRMs...
[2026-09-19T09:59:31.789Z] Login attempt started
[2026-09-19T09:59:31.791Z] Login request for: Test100
[2026-09-19T09:59:31.823Z] Login failed: User [Test100] not found in standard lookup.
[2026-09-19T09:59:31.922Z] [SSO] User not found in Main Fleet DB. Checking other CRMs...
[2026-09-19T10:01:25.186Z] Login attempt started
[2026-09-19T10:01:25.187Z] Login request for: Test100
[2026-09-19T10:01:25.290Z] Login failed: User [Test100] not found in standard lookup.
[2026-09-19T10:01:25.322Z] [SSO] User not found in Main Fleet DB. Checking other CRMs...
[2026-09-19T10:01:33.285Z] Login attempt started
[2026-09-19T10:01:33.286Z] Login request for: Test100
[2026-09-19T10:01:33.340Z] Login failed: User [Test100] not found in standard lookup.
[2026-09-19T10:01:33.474Z] [SSO] User not found in Main Fleet DB. Checking other CRMs...
[2026-09-19T10:01:50.553Z] Login attempt started
[2026-09-19T10:01:50.555Z] Login request for: Test200
[2026-09-19T10:01:50.676Z] Login failed: User [Test200] not found in standard lookup.
[2026-09-19T10:01:50.776Z] [SSO] User not found in Main Fleet DB. Checking other CRMs...
[2026-09-19T10:04:04.896Z] Login attempt started
[2026-09-19T10:04:04.897Z] Login request for: Test100
[2026-09-19T10:04:05.027Z] Login failed: User [Test100] not found in standard lookup.
[2026-09-19T10:04:05.128Z] [SSO] User not found in Main Fleet DB. Checking other CRMs...
[2026-09-19T10:08:31.219Z] Login attempt started
[2026-09-19T10:08:31.220Z] Login request for: Test100
[2026-09-19T10:08:31.268Z] Login failed: User [Test100] not found in standard lookup.
[2026-09-19T10:08:31.290Z] [SSO] User not found in Main Fleet DB. Checking other CRMs...
[2026-09-19T10:08:42.994Z] Login attempt started
[2026-09-19T10:08:42.995Z] Login request for: Test100
[2026-09-19T10:08:43.064Z] Login failed: User [Test100] not found in standard lookup.
[2026-09-19T10:08:43.094Z] [SSO] User not found in Main Fleet DB. Checking other CRMs...
[2026-09-19T10:13:02.248Z] Login attempt started
[2026-09-19T10:13:02.249Z] Login request for: Test100
[2026-09-19T10:13:02.281Z] Login failed: User [Test100] not found in standard lookup.
[2026-09-19T10:13:02.332Z] [SSO] User not found in Main Fleet DB. Checking other CRMs...
[2026-09-19T10:13:09.303Z] Login attempt started
[2026-09-19T10:13:09.304Z] Login request for: Test100
[2026-09-19T10:13:09.390Z] Login failed: User [Test100] not found in standard lookup.
[2026-09-19T10:13:09.493Z] [SSO] User not found in Main Fleet DB. Checking other CRMs...
[2026-09-19T10:14:56.582Z] Login attempt started
[2026-09-19T10:14:56.583Z] Login request for: Test100
[2026-09-19T10:14:56.616Z] Login failed: User [Test100] not found in standard lookup.
[2026-09-19T10:14:56.670Z] [SSO] User not found in Main Fleet DB. Checking other CRMs...
[2026-09-19T10:15:04.595Z] Login attempt started
[2026-09-19T10:15:04.596Z] Login request for: Test100
[2026-09-19T10:15:04.693Z] Login failed: User [Test100] not found in standard lookup.
[2026-09-19T10:15:04.796Z] [SSO] User not found in Main Fleet DB. Checking other CRMs...
[2026-09-19T10:15:12.675Z] Login attempt started
[2026-09-19T10:15:12.676Z] Login request for: Test100
[2026-09-19T10:15:13.600Z] Login failed: User [Test100] not found in standard lookup.
[2026-09-19T10:15:13.618Z] [SSO] User not found in Main Fleet DB. Checking other CRMs...
[2026-09-19T10:19:21.907Z] Login attempt started
[2026-09-19T10:19:21.908Z] Login request for: Test100
[2026-09-19T10:19:22.026Z] Login failed: User [Test100] not found in standard lookup.
[2026-09-19T10:19:22.051Z] [SSO] User not found in Main Fleet DB. Checking other CRMs...
